module, assembly site, assembly date, sensor, HDI, TBM wafer, ROC thickness, ROC0, ROC1, ROC2, ROC3, ROC4, ROC5, ROC6, ROC7, ROC8, ROC9, ROC10, ROC11, ROC12, ROC13, ROC14, ROC15,
M-G-1-43, Nebraska, 2016-01-08 20:47:53, WL_BB_016, YFC89-3815-1-43, AXGPX4X, 200um, ADGNTRX-33A, ADGNTRX-32B, ADGNTRX-32A, ADGNTRX-22C, ADGNTRX-22D, ADGNTRX-23C, ADGNTRX-23D, ADGNTRX-24C, ADGNTRX-24D, ADGNTRX-24B, ADGNTRX-24A, ADGNTRX-23B, ADGNTRX-23A, ADGNTRX-22B, ADGNTRX-22A, ADGNTRX-12C, 
M-G-3-42, Nebraska, 2016-01-08 20:50:42, WL_BB_018, YFC89-3815-3-42, AXGPX4X, 200um, ADGNTRX-47D, ADGNTRX-47B, ADGNTRX-47C, ADGNTRX-46D, ADGNTRX-46C, ADGNTRX-47A, ADGNTRX-46B, ADGNTRX-46A, ADGNTRX-45D, ADGNTRX-45C, ADGNTRX-37D, ADGNTRX-37C, ADGNTRX-36D, ADGNTRX-45B, ADGNTRX-45A, ADGNTRX-44D, 
M-H-1-29, Nebraska, 2015-12-23 21:54:16, WL_BB_028, YFC84-3915-1-29, AGGPXKX, 200um, AHGNQ6X-24D, AHGNQ6X-24C, AHGNQ6X-23A, AHGNQ6X-23B, AHGNQ6X-24A, AHGNQ6X-24B, AHGNQ6X-25A, AHGNQ6X-25B, AHGNQ6X-16B, AHGNQ6X-26B, AHGNQ6X-17A, AHGNQ6X-17B, AHGNQ6X-17C, AHGNQ6X-17D, AHGNQ6X-25D, AHGNQ6X-25C, 
M-J-4-13, Nebraska, 2016-02-09 19:33:14, WL_BB_029, YFD04-4715-4-13, AGGPXKX, 200um, ABGNTTX-22B, ABGNTTX-22A, ABGNTTX-23A, ABGNTTX-23B, ABGNTTX-24D, ABGNTTX-24C, ABGNTTX-25A, ABGNTTX-25B, ABGNTTX-25C, ABGNTTX-25D, ABGNTTX-24A, ABGNTTX-24B, ABGNTTX-26C, ABGNTTX-26A, ABGNTTX-27C, ABGNTTX-27A, 
M-J-1-28, Purdue, 2016-02-01 16:20:13, WL_BB_031, YFD04-4715-1-28, AGGPXKX, 200um, AFGNQ8X- 54A, AFGNQ8X- 53D, AFGNQ8X- 53C, AFGNQ8X- 53B, AFGNQ8X- 43D, AFGNQ8X- 43C, AFGNQ8X- 46D, AFGNQ8X- 45D, AFGNQ8X- 44A, AFGNQ8X- 44B, AFGNQ8X- 43A, AFGNQ8X- 43B, AFGNQ8X- 45C, AFGNQ8X- 45A, AFGNQ8X- 46C, AFGNQ8X- 46A, 
M-J-4-11, Nebraska, 2016-02-11 19:38:35, WL_BB_032, YFD04-4715-4-11, AGGPXKX, 
M-J-2-19, Nebraska, 2016-02-03 20:28:49, WL_BB_034, YFD04-4715-2-19, AGGPXKX, 200um, A5GNTZX-15C, A5GNTZX-15B, A5GNTZX-16C, A5GNTZX-16D, A5GNTZX-16B, A5GNTZX-16A, A5GNTZX-03C, A5GNTZX-18D, A5GNTZX-18C, A5GNTZX-17A, A5GNTZX-17C, A5GNTZX-17D, A5GNTZX-03A, A5GNTZX-03B, A5GNTZX-04C, A5GNTZX-04D, 
M-J-4-38, Nebraska, 2016-02-11 20:01:56, WL_BB_038, YFD04-4715-4-38, AGGPXKX, 200um, AKGNULX-53A, AKGNULX-54D, AKGNULX-56C, AKGNULX-56D, AKGNULX-55A, AKGNULX-55D, AKGNULX-54A, AKGNULX-54C, AKGNULX-56B, AKGNULX-56A, AKGNULX-57D, AKGNULX-57C, AKGNULX-57A, AKGNULX-42A, AKGNULX-42D, AKGNULX-42B, 
M-J-1-02, Purdue, 2016-01-28 16:52:56, WL_BB_039, YFD04-4715-1-2, AGGPXKX, 200um, AEGNQ9X-40C, AEGNQ9X-40D, AEGNQ9X-40B, AEGNQ9X-30B, AEGNQ9X-30A, AEGNQ9X-31C, AEGNQ9X-41D, AEGNQ9X-41C, AEGNQ9X-51A, AEGNQ9X-51B, AEGNQ9X-51D, AEGNQ9X-51C, AEGNQ9X-41B, AEGNQ9X-41A, AEGNQ9X-31D, AEGNQ9X-31B, 
M-B-4-44, Purdue, 2016-01-08 16:00:22, WL_BB_040, YHD19-1815-4-44, AXGPX4X, 200um, AIGNQ5X-23B, AIGNQ5X-24A, AIGNQ5X-13B, AIGNQ5X-14B, AIGNQ5X-15A, AIGNQ5X-15B, AIGNQ5X-16A, AIGNQ5X-16C, AIGNQ5X-06C, AIGNQ5X-05D, AIGNQ5X-05C, AIGNQ5X-04B, AIGNQ5X-04C, AIGNQ5X-03A, AIGNQ5X-06B, AIGNQ5X-06A, 
M-J-2-30, Nebraska, 2016-02-09 14:13:24, WL_BB_041, YFD04-4715-2-30, AGGPXKX, 200um, ABGNTTX-75C, ABGNTTX-76A, ABGNTTX-76B, ABGNTTX-76D, ABGNTTX-75B, ABGNTTX-75A, ABGNTTX-75D, ABGNTTX-67C, ABGNTTX-67D, ABGNTTX-67A, ABGNTTX-67B, ABGNTTX-68D, ABGNTTX-68B, ABGNTTX-58D, ABGNTTX-59A, ABGNTTX-59B, 
M-G-3-03, Purdue, 2015-12-22 16:48:35, WL_BB_044, YFC89-3815-3-3, AXGPX4X, 200um, AHGNQ6X-68C, AHGNQ6X-68D, AHGNQ6X-67A, AHGNQ6X-66D, AHGNQ6X-66B, AHGNQ6X-76B, AHGNQ6X-76C, AHGNQ6X-75C, AHGNQ6X-75A, AHGNQ6X-65B, AHGNQ6X-65D, AHGNQ6X-66A, AHGNQ6X-66C, AHGNQ6X-75B, AHGNQ6X-65C, AHGNQ6X-65A, 
M-G-1-24, Nebraska, 2016-01-22 20:14:08, WL_BB_045, YFC89-3815-1-24, AGGPXKX, 200um, AYGNQQX-67B, AYGNQQX-67A, AYGNQQX-66D, AYGNQQX-66C, AYGNQQX-65D, AYGNQQX-65C, AYGNQQX-64D, AYGNQQX-64A, AYGNQQX-64B, AYGNQQX-65A, AYGNQQX-65B, AYGNQQX-66A, AYGNQQX-66B, AYGNQQX-58C, AYGNQQX-57D, AYGNQQX-56D, 
M-G-1-33, Nebraska, 2016-01-27 10:47:51, WL_BB_106, YFC89-3815-1-33, AXGPX4X, 200um, AYGNQQX-35B, AYGNQQX-36C, AYGNQQX-04B, AYGNQQX-25A, AYGNQQX-15C, AYGNQQX-15A, AYGNQQX-05C, AYGNQQX-05A, AYGNQQX-25D, AYGNQQX-25B, AYGNQQX-15B, AYGNQQX-05B, AYGNQQX-36A, AYGNQQX-26C, AYGNQQX-26A, AYGNQQX-16C, 
M-J-3-13, Purdue, 2016-02-03 19:37:30, WL_BB_108, YFD04-4715-3-13, AGGPXKX, 200um, A5GNTZX- 40D, A5GNTZX- 40B, A5GNTZX- 30D, A5GNTZX- 30C, A5GNTZX- 41C, A5GNTZX- 41A, A5GNTZX- 11D, A5GNTZX- 21A, A5GNTZX- 21B, A5GNTZX- 21D, A5GNTZX- 31C, A5GNTZX- 31B, A5GNTZX- 11C, A5GNTZX- 11A, A5GNTZX- 51B, A5GNTZX- 51A, 
M-J-1-12, Purdue, 2016-02-09 14:01:43, WL_BB_111, YFD04-4715-1-12, AGGPXKX, 200um, AGGNTNX-28D, AGGNTNX-46B, AGGNTNX-44D, AGGNTNX-45C, AGGNTNX-45D, AGGNTNX-36B, AGGNTNX-36D, AGGNTNX-37C, AGGNTNX-44B, AGGNTNX-45A, AGGNTNX-45B, AGGNTNX-36A, AGGNTNX-36C, AGGNTNX-46A, AGGNTNX-44A, AGGNTNX-43B, 
M-J-3-19, Purdue, 2016-02-11 09:46:39, WL_BB_117, YFD04-4715-3-19, AGGPXKX, 200um, AGGNTNX-16A, AGGNTNX-16B, AGGNTNX-17C, AGGNTNX-17D, AGGNTNX-18C, AGGNTNX-18B, AGGNTNX-18A, AGGNTNX-17B, AGGNTNX-06C, AGGNTNX-06A, AGGNTNX-17A, AGGNTNX-06D, AGGNTNX-07C, AGGNTNX-07D, AGGNTNX-07A, AGGNTNX-06B, 
M-G-2-49, Nebraska, 2016-01-29 17:45:57, WL_BB_120, YFC89-3815-2-49, AXGPX4X, 200um, AFGNTPX-22C, AFGNTPX-22B, AFGNTPX-22A, AFGNTPX-12C, AFGNTPX-12B, AFGNTPX-63B, AFGNTPX-43D, AFGNTPX-53A, AFGNTPX-53B, AFGNTPX-53C, AFGNTPX-53D, AFGNTPX-63A, AFGNTPX-43C, AFGNTPX-43B, AFGNTPX-43A, AFGNTPX-33D, 
M-I-2-10, Purdue, 2016-02-15 17:41:16, WL_BB_121, YFD00-4715-2-10, AGGPXKX, 200um, ABGNSBX-74D, ABGNSBX-75C, ABGNSBX-74A, ABGNSBX-75B, ABGNSBX-75A, ABGNSBX-76A, ABGNSBX-76C, ABGNSBX-63B, ABGNSBX-64C, ABGNSBX-64D, ABGNSBX-64A, ABGNSBX-64B, ABGNSBX-66A, ABGNSBX-66C, ABGNSBX-65B, ABGNSBX-65A, 
M-H-2-36, Nebraska, 2015-12-16 18:32:38, WL_BB_126, YFC84-3915-2-36, AGGPXKX, 150um, AVGNQTX-37B, AVGNQTX-37A, AVGNQTX-51B, AVGNQTX-57D, AVGNQTX-68C, AVGNQTX-59A, AVGNQTX-18C, AVGNQTX-07B, AVGNQTX-06B, AVGNQTX-13C, AVGNQTX-12D, AVGNQTX-57A, AVGNQTX-43B, AVGNQTX-43A, AVGNQTX-56D, AVGNQTX-66D, 
M-J-4-19, Nebraska, 2016-02-16 12:27:17, WL_BB_128, YFD04-4715-4-19, AGGPXKX, 200um, ALGNU0X-21B, ALGNU0X-21A, ALGNU0X-12A, ALGNU0X-12B, ALGNU0X-12C, ALGNU0X-11A, ALGNU0X-11B, ALGNU0X-13C, ALGNU0X-13A, ALGNU0X-14C, ALGNU0X-14D, ALGNU0X-14B, ALGNU0X-17C, ALGNU0X-16D, ALGNU0X-16C, ALGNU0X-15B, 
M-H-1-50, Purdue, 2016-01-26 15:41:53, WL_BB_139, YFC84-3915-1-50, AGGPXKX, 200um, AEGNQ9X-68D, AEGNQ9X-07D, AEGNQ9X-17B, AEGNQ9X-27B, AEGNQ9X-36C, AEGNQ9X-36D, AEGNQ9X-36A, AEGNQ9X-36B, AEGNQ9X-26C, AEGNQ9X-26B, AEGNQ9X-06D, AEGNQ9X-06C, AEGNQ9X-16B, AEGNQ9X-16A, AEGNQ9X-16D, AEGNQ9X-16C, 
M-I-2-15, Purdue, 2016-02-16 17:28:15, WL_BB_150, YFD00-4715-2-15, AGGPXKX, 200um, A2GNT2X-34A, A2GNT2X-35C, A2GNT2X-35D, A2GNT2X-35B, A2GNT2X-36C, A2GNT2X-36A, A2GNT2X-38D, A2GNT2X-37A, A2GNT2X-37D, A2GNT2X-37C, A2GNT2X-36B, A2GNT2X-36D, A2GNT2X-38B, A2GNT2X-39C, A2GNT2X-39A, A2GNT2X-39D, 
M-H-1-27, Nebraska, 2015-12-23 21:55:36, WL_BB_154, YFC84-3915-1-27, AGGPXKX, 150um, AVGNQTX-13B, AVGNQTX-16C, AVGNQTX-14B, AVGNQTX-04D, AVGNQTX-04A, AVGNQTX-04B, AVGNQTX-15A, AVGNQTX-15B, AVGNQTX-16D, AVGNQTX-06A, AVGNQTX-05C, AVGNQTX-05A, AVGNQTX-05D, AVGNQTX-05B, AVGNQTX-16A, AVGNQTX-06C, 
M-H-2-47, Nebraska, 2016-01-13 19:07:19, WL_CL_018, YFC84-3915-2-47, AGGPXKX, 200um, ADGNTRX-28C, ADGNTRX-28D, ADGNTRX-62C, ADGNTRX-62D, ADGNTRX-63C, ADGNTRX-67D, ADGNTRX-18B, ADGNTRX-18A, ADGNTRX-18C, ADGNTRX-28A, ADGNTRX-28B, ADGNTRX-18D, ADGNTRX-75A, ADGNTRX-75B, ADGNTRX-76A, ADGNTRX-66D, 
M-H-1-18, Nebraska, 2015-12-22 23:25:18, WL_CL_028, YFC84-3915-1-18, AGGPXKX, 200um, AHGNQ6X-03C, AHGNQ6X-03B, AHGNQ6X-03D, AHGNQ6X-04C, AHGNQ6X-04D, AHGNQ6X-28A, AHGNQ6X-27D, AHGNQ6X-27C, AHGNQ6X-18C, AHGNQ6X-18D, AHGNQ6X-05A, AHGNQ6X-05D, AHGNQ6X-28C, AHGNQ6X-06C, AHGNQ6X-06D, AHGNQ6X-07A, 
M-J-2-40, Nebraska, 2016-02-09 17:48:33, WL_CL_029, YFD04-4715-2-40, AGGPXKX, 200um, ABGNTTX-44A, ABGNTTX-45C, ABGNTTX-47D, ABGNTTX-46B, ABGNTTX-46D, ABGNTTX-46A, ABGNTTX-46C, ABGNTTX-45B, ABGNTTX-47C, ABGNTTX-47A, ABGNTTX-47B, ABGNTTX-48C, ABGNTTX-48D, ABGNTTX-48B, ABGNTTX-31D, ABGNTTX-31C, 
M-I-1-19, Purdue, 2016-02-01 16:55:34, WL_CL_031, YFD00-4715-1-19, 144, 200um, AFGNQ8X- 40C, AFGNQ8X- 40D, AFGNQ8X- 40A, AFGNQ8X- 40B, AFGNQ8X- 30D, AFGNQ8X- 30C, AFGNQ8X- 41D, AFGNQ8X- 41C, AFGNQ8X- 51A, AFGNQ8X- 51B, AFGNQ8X- 51D, AFGNQ8X- 51C, AFGNQ8X- 74C, AFGNQ8X- 63D, AFGNQ8X- 62A, AFGNQ8X- 62B, 
M-J-4-07, Nebraska, 2016-02-11 19:37:52, WL_CL_032, YFD04-4715-4-7, AGGPXKX, 200um, AKGNULX-47D, AKGNULX-47C, AKGNULX-48A, AKGNULX-48B, AKGNULX-48C, AKGNULX-48D, AKGNULX-47A, AKGNULX-47B, AKGNULX-49D, AKGNULX-49C, AKGNULX-49B, AKGNULX-49A, AKGNULX-39D, AKGNULX-39C, AKGNULX-38A, AKGNULX-38B, 
M-J-2-23, Nebraska, 2016-02-03 22:03:35, WL_CL_034, YFD04-4715-2-23, AGGPXKX, 200um, A5GNTZX-49A, A5GNTZX-39D, A5GNTZX-38B, A5GNTZX-38C, A5GNTZX-38D, A5GNTZX-39A, A5GNTZX-39B, A5GNTZX-39C, A5GNTZX-38A, A5GNTZX-37C, A5GNTZX-36A, A5GNTZX-35D, A5GNTZX-35C, A5GNTZX-35B, A5GNTZX-33B, A5GNTZX-33C, 
M-B-7-10, Purdue, 2016-01-11 12:07:13, WL_CL_040, YHD19-1815-7-10, AXGPX4X, 200um, AIGNQ5X-12A, AIGNQ5X-12C, AIGNQ5X-44A, AIGNQ5X-44B, AIGNQ5X-44D, AIGNQ5X-44C, AIGNQ5X-43D, AIGNQ5X-43A, AIGNQ5X-33C, AIGNQ5X-33D, AIGNQ5X-34C, AIGNQ5X-34D, AIGNQ5X-35A, AIGNQ5X-34B, AIGNQ5X-34A, AIGNQ5X-32D, 
M-G-2-43, Purdue, 2015-12-21 17:34:42, WL_CL_044, YFC89-3815-2-43, AXGPX4X, 200um, AHGNQ6X-74B, AHGNQ6X-39B, AHGNQ6X-38C, AHGNQ6X-12A, AHGNQ6X-39C, AHGNQ6X-39D, AHGNQ6X-35B, AHGNQ6X-36A, AHGNQ6X-36B, AHGNQ6X-37A, AHGNQ6X-37B, AHGNQ6X-38A, AHGNQ6X-67C, AHGNQ6X-67B, AHGNQ6X-67D, AHGNQ6X-68A, 
M-G-1-46, Nebraska, 2016-01-26 16:16:44, WL_CL_045, YFC89-3815-1-46, AGGPXKX, 200um, AYGNQQX-47D, AYGNQQX-47C, AYGNQQX-46D, AYGNQQX-45D, AYGNQQX-45C, AYGNQQX-44D, AYGNQQX-44C, AYGNQQX-43D, AYGNQQX-43C, AYGNQQX-42D, AYGNQQX-42C, AYGNQQX-40B, AYGNQQX-40C, AYGNQQX-40A, AYGNQQX-30C, AYGNQQX-30A, 
M-J-3-05, Purdue, 2016-02-09 14:05:59, WL_CL_101, YFD04-4715-3-5, AGGPXKX, 200um, AGGNTNX-13C, AGGNTNX-13A, AGGNTNX-13D, AGGNTNX-12B, AGGNTNX-12A, AGGNTNX-03B, AGGNTNX-24D, AGGNTNX-22D, AGGNTNX-24A, AGGNTNX-24B, AGGNTNX-14D, AGGNTNX-25A, AGGNTNX-25B, AGGNTNX-04A, AGGNTNX-04C, AGGNTNX-04D, 
M-G-2-40, Purdue, 2016-01-15 18:04:01, WL_CL_104, YFC89-3815-2-40, AGGPXKX, 200um, A2GNQLX-66A, A2GNQLX-59C, A2GNQLX-58D, A2GNQLX-58C, A2GNQLX-57D, A2GNQLX-57C, A2GNQLX-54C, A2GNQLX-54D, A2GNQLX-55C, A2GNQLX-55D, A2GNQLX-56C, A2GNQLX-56D, A2GNQLX-53A, A2GNQLX-22D, A2GNQLX-32B, A2GNQLX-32D, 
M-H-1-25, Purdue, 2016-02-02 17:02:47, WL_CL_108, YFC84-3915-1-25, AGGPXKX, 200um, AFGNQ8X- 17C, AFGNQ8X- 17A, AFGNQ8X- 18C, AFGNQ8X- 18B, AFGNQ8X- 03C, AFGNQ8X- 03B, AFGNQ8X- 07B, AFGNQ8X- 07D, AFGNQ8X- 06B, AFGNQ8X- 06C, AFGNQ8X- 05C, AFGNQ8X- 05D, AFGNQ8X- 07C, AFGNQ8X- 39A, AFGNQ8X- 38D, AFGNQ8X- 32A, 
M-G-1-34, Purdue, 2016-01-21 16:32:45, WL_CL_109, YFC89-3815-1-34, AGGPXKX, 200um, A2GNQLX-15A, A2GNQLX-05C, A2GNQLX-45B, A2GNQLX-35B, A2GNQLX-25D, A2GNQLX-25B, A2GNQLX-15B, A2GNQLX-05D, A2GNQLX-48B, A2GNQLX-48A, A2GNQLX-47B, A2GNQLX-46B, A2GNQLX-46A, A2GNQLX-05B, A2GNQLX-36D, A2GNQLX-37C, 
M-J-3-14, Purdue, 2016-02-09 14:14:06, WL_CL_111, YFD04-4715-3-14, AGGPXKX, 200um, AGGNTNX-63B, AGGNTNX-63A, AGGNTNX-75D, AGGNTNX-75C, AGGNTNX-74B, AGGNTNX-74A, AGGNTNX-74D, AGGNTNX-74C, AGGNTNX-75B, AGGNTNX-76C, AGGNTNX-76D, AGGNTNX-76A, AGGNTNX-76B, AGGNTNX-67C, AGGNTNX-59D, AGGNTNX-68A, 
M-J-3-22, Purdue, 2016-02-09 16:19:06, WL_CL_117, YFD04-4715-3-22, AGGPXKX, 200um, AKGNULX-22C, AKGNULX-22A, AKGNULX-22B, AKGNULX-23B, AKGNULX-24C, AKGNULX-24D, AKGNULX-25A, AKGNULX-25B, AKGNULX-25D, AKGNULX-25C, AKGNULX-24A, AKGNULX-24B, AKGNULX-26D, AKGNULX-26C, AKGNULX-26B, AKGNULX-26A, 
M-I-2-19, Purdue, 2016-02-16 17:29:55, WL_CL_121, YFD00-4715-2-19, AGGPXKX, 200um, A2GNT2X-13A, A2GNT2X-12D, A2GNT2X-12C, A2GNT2X-12B, A2GNT2X-12A, A2GNT2X-11D, A2GNT2X-03B, A2GNT2X-03A, A2GNT2X-03D, A2GNT2X-03C, A2GNT2X-11A, A2GNT2X-11B, A2GNT2X-04C, A2GNT2X-04A, A2GNT2X-04D, A2GNT2X-04B, 
M-H-2-04, Purdue, 2016-01-08 11:39:39, WL_CL_126, YFC84-3915-2-4, AGGPXKX, 150um, AVGNQTX-35C, AVGNQTX-34D, AVGNQTX-34C, AVGNQTX-33D, AVGNQTX-33C, AVGNQTX-32D, AVGNQTX-31A, AVGNQTX-30B, AVGNQTX-33A, AVGNQTX-32B, AVGNQTX-32A, AVGNQTX-31B, AVGNQTX-32C, AVGNQTX-31D, AVGNQTX-31C, AVGNQTX-64D, 
M-J-4-36, Nebraska, 2016-02-16 12:28:41, WL_CL_128, YFD04-4715-4-36, AGGPXKX, 200um, ALGNU0X-36B, ALGNU0X-36A, ALGNU0X-35D, ALGNU0X-35C, ALGNU0X-35B, ALGNU0X-35A, ALGNU0X-33B, ALGNU0X-33A, ALGNU0X-33C, ALGNU0X-34A, ALGNU0X-34B, ALGNU0X-34D, ALGNU0X-32B, ALGNU0X-32C, ALGNU0X-31D, ALGNU0X-31C, 
M-G-2-45, Purdue, 2016-01-15 18:09:55, WL_CL_139, YFC89-3815-2-45, AGGPXKX, 200um, AEGNQ9X-64A, AEGNQ9X-54C, AEGNQ9X-43D, AEGNQ9X-13C, AEGNQ9X-42C, AEGNQ9X-42C, AEGNQ9X-31A, AEGNQ9X-21A, AEGNQ9X-32D, AEGNQ9X-12A, AEGNQ9X-23C, AEGNQ9X-63A, AEGNQ9X-75A, AEGNQ9X-23A, AEGNQ9X-52A, AEGNQ9X-63B, 
M-H-1-23, Nebraska, 2015-12-15 18:58:12, WL_CL_154, YFC84-3915-1-23, AGGPXKX, 150um, A4GNQJX-22C, A4GNQJX-31C, A4GNQJX-31D, A4GNQJX-32D, A4GNQJX-40A, A4GNQJX-23C, A4GNQJX-22D, A4GNQJX-11D, A4GNQJX-28A, A4GNQJX-03A, A4GNQJX-06C, A4GNQJX-07A, A4GNQJX-07D, A4GNQJX-11A, A4GNQJX-11B, A4GNQJX-11C, 
M-G-1-03, Nebraska, 2016-01-08 17:25:33, WL_CR_016, YFC89-3815-1-3, AXGPX4X, 200um, ADGNTRX-34D, ADGNTRX-35A, ADGNTRX-34B, ADGNTRX-25D, ADGNTRX-25C, ADGNTRX-25B, ADGNTRX-25A, ADGNTRX-15D, ADGNTRX-15B, ADGNTRX-15C, ADGNTRX-15A, ADGNTRX-05D, ADGNTRX-05C, ADGNTRX-05B, ADGNTRX-52D, ADGNTRX-52C, 
M-H-2-50, Nebraska, 2016-01-13 20:01:56, WL_CR_018, YFC84-3915-2-50, AGGPXKX, 200um, ADGNTRX-53D, ADGNTRX-53B, ADGNTRX-53C, ADGNTRX-53A, ADGNTRX-43D, ADGNTRX-43C, ADGNTRX-43B, ADGNTRX-43A, ADGNTRX-37B, ADGNTRX-37A, ADGNTRX-36B, ADGNTRX-36A, ADGNTRX-27D, ADGNTRX-27C, ADGNTRX-26D, ADGNTRX-26C, 
M-H-1-39, Nebraska, 2015-12-22 23:26:33, WL_CR_028, YFC84-3915-1-39, AGGPXKX, 200um, AHGNQ6X-14A, AHGNQ6X-13D, AHGNQ6X-13B, AHGNQ6X-13C, AHGNQ6X-12D, AHGNQ6X-55C, AHGNQ6X-55A, AHGNQ6X-26D, AHGNQ6X-26A, AHGNQ6X-16C, AHGNQ6X-15C, AHGNQ6X-15B, AHGNQ6X-15A, AHGNQ6X-14D, AHGNQ6X-14C, AHGNQ6X-14B, 
M-J-3-02, Nebraska, 2016-01-29 01:24:10, WL_CR_030, YFD04-4715-3-2, AGGPXKX, 200um, AFGNTPX-07B, AFGNTPX-07A, AFGNTPX-05B, AFGNTPX-05C, AFGNTPX-05D, AFGNTPX-06A, AFGNTPX-06C, AFGNTPX-06D, AFGNTPX-22D, AFGNTPX-65B, AFGNTPX-17D, AFGNTPX-51C, AFGNTPX-56C, AFGNTPX-57D, AFGNTPX-32D, AFGNTPX-42A, 
M-J-1-39, Purdue, 2016-02-03 18:38:22, WL_CR_031, YFD04-4715-1-39, AGGPXKX, 200um, AFGNQ8X- 29D, AFGNQ8X- 29C, AFGNQ8X- 13A, AFGNQ8X- 13C, AFGNQ8X- 13D, AFGNQ8X- 12C, AFGNQ8X- 12D, AFGNQ8X- 29B, AFGNQ8X- 14D, AFGNQ8X- 14C, AFGNQ8X- 14B, AFGNQ8X- 14A, AFGNQ8X- 15C, AFGNQ8X- 15B, AFGNQ8X- 17B, AFGNQ8X- 17D, 
M-J-3-06, Nebraska, 2016-02-09 19:31:15, WL_CR_038, YFD04-4715-3-6, AGGPXKX, 200um, AKGNULX-07A, AKGNULX-41C, AKGNULX-40D, AKGNULX-40C, AKGNULX-59C, AKGNULX-59D, AKGNULX-52B, AKGNULX-52C, AKGNULX-52D, AKGNULX-53A, AKGNULX-49A, AKGNULX-68A, AKGNULX-49B, AKGNULX-49D, AKGNULX-49C, AKGNULX-21A, 
M-B-3-16, Nebraska, 2016-02-09 14:07:43, WL_CR_041, YHD19-1815-3-16, , 200um, ABGNTTX-56D, ABGNTTX-56C, ABGNTTX-54D, ABGNTTX-55A, ABGNTTX-55B, ABGNTTX-55C, ABGNTTX-55D, ABGNTTX-56A, ABGNTTX-54C, ABGNTTX-54B, ABGNTTX-54A, ABGNTTX-53D, ABGNTTX-53C, ABGNTTX-53B, ABGNTTX-30D, ABGNTTX-52A, 
M-G-2-01, Purdue, 2015-12-21 17:54:14, WL_CR_044, YFC89-3815-2-1, AXGPX4X, 200um, AHGNQ6X-57B, AHGNQ6X-57C, AHGNQ6X-57A, AHGNQ6X-56D, AHGNQ6X-56B, AHGNQ6X-56C, AHGNQ6X-56A, AHGNQ6X-55D, AHGNQ6X-32A, AHGNQ6X-52C, AHGNQ6X-59A, AHGNQ6X-58D, AHGNQ6X-58B, AHGNQ6X-58C, AHGNQ6X-58A, AHGNQ6X-57D, 
M-G-2-02, Nebraska, 2016-01-26 16:17:59, WL_CR_045, YFC89-3815-2-2, AXGPX4X, 200um, AYGNQQX-55D, AYGNQQX-55C, AYGNQQX-53D, AYGNQQX-54C, AYGNQQX-54D, AYGNQQX-53B, AYGNQQX-54A, AYGNQQX-54B, AYGNQQX-55A, AYGNQQX-55B, AYGNQQX-56A, AYGNQQX-56B, AYGNQQX-57A, AYGNQQX-57B, AYGNQQX-58B, AYGNQQX-49D, 
M-J-3-16, Purdue, 2016-02-11 09:46:09, WL_CR_101, YFD04-4715-3-16, AGGPXKX, 200um, AGGNTNX-11A, AGGNTNX-11B, AGGNTNX-22A, AGGNTNX-23C, AGGNTNX-26C, AGGNTNX-68B, AGGNTNX-33D, AGGNTNX-33C, AGGNTNX-32C, AGGNTNX-67D, AGGNTNX-67B, AGGNTNX-68D, AGGNTNX-34C, AGGNTNX-53B, AGGNTNX-43C, AGGNTNX-43D, 
M-G-2-24, Purdue, 2016-01-19 21:13:01, WL_CR_104, YFC89-3815-2-24, AGGPXKX, 200um, A2GNQLX-41D, A2GNQLX-41C, A2GNQLX-31A, A2GNQLX-42A, A2GNQLX-52D, A2GNQLX-31C, A2GNQLX-41B, A2GNQLX-11D, A2GNQLX-11A, A2GNQLX-21A, A2GNQLX-21B, A2GNQLX-21D, A2GNQLX-11B, A2GNQLX-42C, A2GNQLX-52B, A2GNQLX-52A, 
M-G-1-37, Nebraska, 2016-01-27 22:41:14, WL_CR_106, YFC89-3815-1-37, AXGPX4X, 200um, AYGNQQX-30B, AYGNQQX-40D, AYGNQQX-42A, AYGNQQX-32C, AYGNQQX-32A, AYGNQQX-31B, AYGNQQX-31A, AYGNQQX-21D, AYGNQQX-11B, AYGNQQX-11A, AYGNQQX-21A, AYGNQQX-11C, AYGNQQX-11D, AYGNQQX-21B, AYGNQQX-32D, AYGNQQX-22A, 
M-J-1-25, Purdue, 2016-01-29 16:30:07, WL_CR_108, YFD04-4715-1-25, AGGPXKX, 200um, A5GNTZX- 54B, A5GNTZX- 44D, A5GNTZX- 44C, A5GNTZX- 44B, A5GNTZX- 75D, A5GNTZX- 75B, A5GNTZX- 67C, A5GNTZX- 67D, A5GNTZX- 66A, A5GNTZX- 66C, A5GNTZX- 76D, A5GNTZX- 76C, A5GNTZX- 67B, A5GNTZX- 67A, A5GNTZX- 68D, A5GNTZX- 68C, 
M-G-1-49, Purdue, 2016-01-19 21:34:48, WL_CR_109, YFC89-3815-1-49, AXGPX4X, 200um, A2GNQLX-39C, A2GNQLX-39D, A2GNQLX-39B, A2GNQLX-39A, A2GNQLX-38B, A2GNQLX-38A, A2GNQLX-37B, A2GNQLX-37A, A2GNQLX-36B, A2GNQLX-36A, A2GNQLX-26C, A2GNQLX-26D, A2GNQLX-27C, A2GNQLX-28C, A2GNQLX-28D, A2GNQLX-29C, 
M-J-1-29, Purdue, 2016-02-09 11:12:30, WL_CR_111, YFD04-4715-1-29, AGGPXKX, 200um, AGGNTNX-41D, AGGNTNX-62A, AGGNTNX-41A, AGGNTNX-41B, AGGNTNX-31C, AGGNTNX-31A, AGGNTNX-31B, AGGNTNX-52C, AGGNTNX-52D, AGGNTNX-53C, AGGNTNX-52A, AGGNTNX-52B, AGGNTNX-42C, AGGNTNX-42D, AGGNTNX-42A, AGGNTNX-53D, 
M-J-3-26, Purdue, 2016-02-09 17:04:06, WL_CR_117, YFD04-4715-3-26, AGGPXKX, 200um, AKGNULX-04C, AKGNULX-04A, AKGNULX-03D, AKGNULX-03C, AKGNULX-03B, AKGNULX-03A, AKGNULX-58D, AKGNULX-59C, AKGNULX-05D, AKGNULX-05C, AKGNULX-05B, AKGNULX-05A, AKGNULX-41C, AKGNULX-41A, AKGNULX-42C, AKGNULX-41D, 
M-B-7-30, Nebraska, 2016-01-28 23:41:40, WL_CR_120, YHD19-1815-7-30, , 200um, AFGNTPX-64A, AFGNTPX-54D, AFGNTPX-54B, AFGNTPX-54A, AFGNTPX-44C, AFGNTPX-44A, AFGNTPX-24D, AFGNTPX-34A, AFGNTPX-34B, AFGNTPX-34C, AFGNTPX-34D, AFGNTPX-44B, AFGNTPX-24C, AFGNTPX-24B, AFGNTPX-24A, AFGNTPX-14D, 
M-I-2-24, Purdue, 2016-02-15 16:58:04, WL_CR_121, YFD00-4715-2-24, AGGPXKX, 200um, A2GNT2X-05C, A2GNT2X-05D, A2GNT2X-07A, A2GNT2X-07C, A2GNT2X-06B, A2GNT2X-06A, A2GNT2X-06C, A2GNT2X-05B, A2GNT2X-07D, A2GNT2X-07B, A2GNT2X-34B, A2GNT2X-48B, A2GNT2X-56A, A2GNT2X-56D, A2GNT2X-25C, A2GNT2X-27B, 
M-J-4-37, Nebraska, 2016-02-16 12:29:10, WL_CR_128, YFD04-4715-4-37, AGGPXKX, 200um, ALGNU0X-31B, ALGNU0X-29A, ALGNU0X-29C, ALGNU0X-30A, ALGNU0X-30C, ALGNU0X-30D, ALGNU0X-31A, ALGNU0X-29B, ALGNU0X-28D, ALGNU0X-28C, ALGNU0X-28B, ALGNU0X-27D, ALGNU0X-26A, ALGNU0X-26B, ALGNU0X-26D, ALGNU0X-27A, 
M-G-2-10, Purdue, 2016-01-15 18:12:42, WL_CR_139, YFC89-3815-2-10, AGGPXKX, 200um, AEGNQ9X-29D, AEGNQ9X-29C, AEGNQ9X-44C, AEGNQ9X-17C, AEGNQ9X-15C, AEGNQ9X-45D, AEGNQ9X-29A, AEGNQ9X-29B, AEGNQ9X-06A, AEGNQ9X-27C, AEGNQ9X-67D, AEGNQ9X-04D, AEGNQ9X-34C, AEGNQ9X-76B, AEGNQ9X-35C, AEGNQ9X-37A, 
M-H-2-37, Nebraska, 2015-12-16 18:34:04, WL_CR_154, YFC84-3915-2-37, AGGPXKX, 150um, AVGNQTX-28A, AVGNQTX-27B, AVGNQTX-26D, AVGNQTX-27C, AVGNQTX-25C, AVGNQTX-25D, AVGNQTX-26A, AVGNQTX-26B, AVGNQTX-28C, AVGNQTX-28B, AVGNQTX-28D, AVGNQTX-29A, AVGNQTX-29B, AVGNQTX-29C, AVGNQTX-29D, AVGNQTX-35A, 
M-H-1-43, Nebraska, 2016-01-13 19:04:47, WL_FL_018, YFC84-3915-1-43, AGGPXKX, 200um, ADGNTRX-59D, ADGNTRX-59C, ADGNTRX-59A, ADGNTRX-59B, ADGNTRX-49B, ADGNTRX-49A, ADGNTRX-29D, ADGNTRX-29C, ADGNTRX-39A, ADGNTRX-39B, ADGNTRX-39C, ADGNTRX-39D, ADGNTRX-29B, ADGNTRX-29A, ADGNTRX-68D, ADGNTRX-68B, 
M-G-2-14, Nebraska, 2016-01-28 22:02:49, WL_FL_024, YFC89-3815-2-14, AGGPXKX, 200um, AHGNU4X-58D, AHGNU4X-58C, AHGNU4X-58B, AHGNU4X-59C, AHGNU4X-58B, AHGNU4X-47C, AHGNU4X-47D, AHGNU4X-48C, AHGNU4X-49D, AHGNU4X-49B, AHGNU4X-49A, AHGNU4X-48B, AHGNU4X-49C, AHGNU4X-48A, AHGNU4X-47B, AHGNU4X-47A, 
M-H-1-01, Nebraska, 2015-12-22 23:24:05, WL_FL_028, YFC84-3915-1-1, AGGPXKX, 200um, AHGNQ6X-29A, AHGNQ6X-29B, AHGNQ6X-29D, AHGNQ6X-22C, AHGNQ6X-07C, AHGNQ6X-07D, AHGNQ6X-18A, AHGNQ6X-18B, AHGNQ6X-11C, AHGNQ6X-22D, AHGNQ6X-23C, AHGNQ6X-22B, AHGNQ6X-11D, AHGNQ6X-23D, AHGNQ6X-28B, AHGNQ6X-28D, 
M-J-1-35, Nebraska, 2016-02-09 17:47:12, WL_FL_029, YFD04-4715-1-35, AGGPXKX, 200um, ABGNTTX-30C, ABGNTTX-30B, ABGNTTX-30A, ABGNTTX-41B, ABGNTTX-41A, ABGNTTX-42D, ABGNTTX-43B, ABGNTTX-43C, ABGNTTX-43D, ABGNTTX-42A, ABGNTTX-42B, ABGNTTX-42C, ABGNTTX-43A, ABGNTTX-44D, ABGNTTX-44C, ABGNTTX-44B, 
M-J-3-47, Nebraska, 2016-01-29 01:25:07, WL_FL_030, YFD04-4715-3-47, AGGPXKX, 200um, AFGNTPX-47A, AFGNTPX-47B, AFGNTPX-47D, AFGNTPX-67D, AFGNTPX-67A, AFGNTPX-67B, AFGNTPX-68C, AFGNTPX-68D, AFGNTPX-68B, AFGNTPX-57B, AFGNTPX-57C, AFGNTPX-58A, AFGNTPX-58B, AFGNTPX-58C, AFGNTPX-58D, AFGNTPX-57A, 
M-J-2-18, Nebraska, 2016-02-03 20:28:26, WL_FL_031, YFD04-4715-2-18, AGGPXKX, 200um, AFGNQ8X-62D, AFGNQ8X-41A, AFGNQ8X-74A, AFGNQ8X-74B, AFGNQ8X-75D, AFGNQ8X-75A, AFGNQ8X-67C, AFGNQ8X-67D, AFGNQ8X-68C, AFGNQ8X-76B, AFGNQ8X-66D, AFGNQ8X-66C, AFGNQ8X-68B, AFGNQ8X-68A, AFGNQ8X-67B, AFGNQ8X-67A, 
M-H-1-49, Purdue, 2016-01-29 16:29:18, WL_FL_034, YFC84-3915-1-49, AGGPXKX, 200um, A5GNTZX- 45A, A5GNTZX- 46D, A5GNTZX- 46C, A5GNTZX- 46B, A5GNTZX- 46A, A5GNTZX- 47D, A5GNTZX- 48B, A5GNTZX- 48D, A5GNTZX- 48C, A5GNTZX- 47A, A5GNTZX- 47B, A5GNTZX- 47C, A5GNTZX- 48A, A5GNTZX- 49D, A5GNTZX- 49C, A5GNTZX- 49B, 
M-J-1-09, Nebraska, 2016-02-09 19:30:21, WL_FL_038, YFD04-4715-1-9, AGGPXKX, 200um, ABGNTTX-18B, ABGNTTX-18A, ABGNTTX-04D, ABGNTTX-04C, ABGNTTX-03A, ABGNTTX-03B, ABGNTTX-03D, ABGNTTX-03C, ABGNTTX-04B, ABGNTTX-05C, ABGNTTX-05D, ABGNTTX-05A, ABGNTTX-05B, ABGNTTX-06C, ABGNTTX-07B, ABGNTTX-07D, 
M-J-1-14, Purdue, 2016-01-28 17:16:08, WL_FL_039, YFD04-4715-1-14, AGGPXKX, 200um, AEGNQ9X-13B, AEGNQ9X-13A, AEGNQ9X-23B, AEGNQ9X-33B, AEGNQ9X-33A, AEGNQ9X-33C, AEGNQ9X-53D, AEGNQ9X-53B, AEGNQ9X-43B, AEGNQ9X-43C, AEGNQ9X-43A, AEGNQ9X-33D, AEGNQ9X-63C, AEGNQ9X-63D, AEGNQ9X-75D, AEGNQ9X-75B, 
M-G-2-48, Purdue, 2016-01-12 18:27:36, WL_FL_040, YFC89-3815-2-48, AXGPX4X, 200um, AIGNQ5X-52C, AIGNQ5X-53C, AIGNQ5X-40A, AIGNQ5X-30C, AIGNQ5X-30A, AIGNQ5X-30B, AIGNQ5X-30D, AIGNQ5X-41B, AIGNQ5X-31C, AIGNQ5X-41A, AIGNQ5X-41C, AIGNQ5X-40B, AIGNQ5X-31D, AIGNQ5X-42C, AIGNQ5X-52B, AIGNQ5X-53A, 
M-J-2-28, Nebraska, 2016-02-03 22:04:26, WL_FL_041, YFD04-4715-2-28, AGGPXKX, 200um, A5GNTZX-51C, A5GNTZX-41B, A5GNTZX-31D, A5GNTZX-31A, A5GNTZX-12C, A5GNTZX-52B, A5GNTZX-53D, A5GNTZX-12B, A5GNTZX-32B, A5GNTZX-32D, A5GNTZX-42A, A5GNTZX-42B, A5GNTZX-53B, A5GNTZX-54A, A5GNTZX-34C, A5GNTZX-14C, 
M-J-1-38, Purdue, 2016-02-09 14:13:11, WL_FL_101, YFD04-4715-1-38, AGGPXKX, 200um, AGGNTNX-22B, AGGNTNX-12C, AGGNTNX-13B, AGGNTNX-12D, AGGNTNX-23B, AGGNTNX-24C, AGGNTNX-03A, AGGNTNX-03C, AGGNTNX-03D, AGGNTNX-11C, AGGNTNX-11D, AGGNTNX-21B, AGGNTNX-33A, AGGNTNX-32B, AGGNTNX-23D, AGGNTNX-23A, 
M-G-2-29, Purdue, 2016-01-15 18:04:38, WL_FL_104, YFC89-3815-2-29, AGGPXKX, 200um, A2GNQLX-75D, A2GNQLX-74D, A2GNQLX-12A, A2GNQLX-12C, A2GNQLX-22C, A2GNQLX-32A, A2GNQLX-76A, A2GNQLX-75B, A2GNQLX-75A, A2GNQLX-74B, A2GNQLX-76D, A2GNQLX-76C, A2GNQLX-65C, A2GNQLX-64D, A2GNQLX-64C, A2GNQLX-63D, 
M-G-1-28, Purdue, 2016-01-08 15:59:05, WL_FL_105, YFC89-3815-1-28, AXGPX4X, 200um, AIGNQ5X-59B, AIGNQ5X-59C, AIGNQ5X-59A, AIGNQ5X-49C, AIGNQ5X-49B, AIGNQ5X-49A, AIGNQ5X-39D, AIGNQ5X-39C, AIGNQ5X-39B, AIGNQ5X-39A, AIGNQ5X-29D, AIGNQ5X-29C, AIGNQ5X-29B, AIGNQ5X-29A, AIGNQ5X-18B, AIGNQ5X-18A, 
M-G-1-31, Nebraska, 2016-01-21 19:48:21, WL_FL_106, YFC89-3815-1-31, AGGPXKX, 200um, AYGNQQX-44A, AYGNQQX-43A, AYGNQQX-43B, AYGNQQX-33C, AYGNQQX-33D, AYGNQQX-33A, AYGNQQX-33B, AYGNQQX-23C, AYGNQQX-22B, AYGNQQX-12C, AYGNQQX-12D, AYGNQQX-12B, AYGNQQX-23A, AYGNQQX-13C, AYGNQQX-13A, AYGNQQX-03C, 
M-J-2-14, Purdue, 2016-02-02 17:00:42, WL_FL_108, YFD04-4715-2-14, AGGPXKX, 200um, AFGNQ8X- 54D, AFGNQ8X- 55B, AFGNQ8X- 56B, AFGNQ8X- 56A, AFGNQ8X- 22D, AFGNQ8X- 38A, AFGNQ8X- 38B, AFGNQ8X- 37B, AFGNQ8X- 15A, AFGNQ8X- 16D, AFGNQ8X- 16B, AFGNQ8X- 16A, AFGNQ8X- 44C, AFGNQ8X- 53A, AFGNQ8X- 03D, AFGNQ8X- 75C, 
M-B-4-37, Nebraska, 2016-01-22 19:11:58, WL_FL_109, YHD19-1815-4-37, , 200um, AYGNQQX-18A, AYGNQQX-17B, AYGNQQX-17A, AYGNQQX-16B, AYGNQQX-06D, AYGNQQX-06B, AYGNQQX-07C, AYGNQQX-07D, AYGNQQX-37D, AYGNQQX-37A, AYGNQQX-48A, AYGNQQX-52B, AYGNQQX-52A, AYGNQQX-51B, AYGNQQX-51A, AYGNQQX-49C, 
M-J-3-27, Purdue, 2016-02-09 17:32:30, WL_FL_111, YFD04-4715-3-27, AGGPXKX, 200um, AGGNTNX-58A, AGGNTNX-57D, AGGNTNX-56A, AGGNTNX-56C, AGGNTNX-56B, AGGNTNX-56D, AGGNTNX-57A, AGGNTNX-57B, AGGNTNX-55D, AGGNTNX-55B, AGGNTNX-55C, AGGNTNX-55A, AGGNTNX-31D, AGGNTNX-65C, AGGNTNX-67A, AGGNTNX-07B, 
M-I-1-50, Purdue, 2016-02-11 09:45:32, WL_FL_117, YFD00-4715-1-50, AGGPXKX, 200um, AKGNULX-16D, AKGNULX-16C, AKGNULX-16B, AKGNULX-16A, AKGNULX-15D, AKGNULX-15C, AKGNULX-14A, AKGNULX-14B, AKGNULX-14C, AKGNULX-14D, AKGNULX-15B, AKGNULX-15A, AKGNULX-13D, AKGNULX-13B, AKGNULX-13C, AKGNULX-13A, 
M-I-2-36, Purdue, 2016-02-15 17:00:12, WL_FL_121, YFD00-4715-2-36, AGGPXKX, 200um, A2GNT2X-24D, A2GNT2X-24C, A2GNT2X-24B, A2GNT2X-24A, A2GNT2X-23D, A2GNT2X-23B, A2GNT2X-21D, A2GNT2X-22A, A2GNT2X-22C, A2GNT2X-22B, A2GNT2X-22D, A2GNT2X-23A, A2GNT2X-21B, A2GNT2X-21C, A2GNT2X-21A, A2GNT2X-18D, 
M-H-2-48, Purdue, 2015-12-14 14:38:52, WL_FL_126, YFC84-3915-2-48, AGGPXKX, 150um, AVGNQTX-03C, AVGNQTX-07D, AVGNQTX-07A, AVGNQTX-68D, AVGNQTX-66B, AVGNQTX-58C, AVGNQTX-58A, AVGNQTX-58B, AVGNQTX-49D, AVGNQTX-49C, AVGNQTX-48C, AVGNQTX-57B, AVGNQTX-57A, AVGNQTX-56B, AVGNQTX-56A, AVGNQTX-38A, 
M-J-4-05, Nebraska, 2016-02-16 12:12:59, WL_FL_128, YFD04-4715-4-5, AGGPXKX, 200um, ALGNU0X-42D, ALGNU0X-42B, ALGNU0X-42A, ALGNU0X-43D, ALGNU0X-43C, ALGNU0X-43B, ALGNU0X-45C, ALGNU0X-45D, ALGNU0X-44A, ALGNU0X-44D, ALGNU0X-44C, ALGNU0X-43A, ALGNU0X-46C, ALGNU0X-46A, ALGNU0X-46B, ALGNU0X-47C, 
M-G-2-06, Nebraska, 2016-01-26 19:20:14, WL_FL_139, YFC89-3815-2-6, AXGPX4X, 200um, AEGNQ9X-48B, AEGNQ9X-38D, AEGNQ9X-38C, AEGNQ9X-38A, AEGNQ9X-28D, AEGNQ9X-28C, AEGNQ9X-49C, AEGNQ9X-49D, AEGNQ9X-59A, AEGNQ9X-59B, AEGNQ9X-18A, AEGNQ9X-28A, AEGNQ9X-49B, AEGNQ9X-49A, AEGNQ9X-39D, AEGNQ9X-39B, 
M-I-2-37, Purdue, 2016-02-15 17:15:18, WL_FL_150, YFD00-4715-2-37, AGGPXKX, 200um, A2GNT2X-30B, A2GNT2X-30C, A2GNT2X-30A, A2GNT2X-40D, A2GNT2X-40C, A2GNT2X-40A, A2GNT2X-57A, A2GNT2X-62D, A2GNT2X-51A, A2GNT2X-51B, A2GNT2X-51C, A2GNT2X-51D, A2GNT2X-62A, A2GNT2X-63B, A2GNT2X-74C, A2GNT2X-74A, 
M-H-1-04, Purdue, 2015-12-09 14:11:01, WL_FL_151, YFC84-3915-1-4, AGGPXKX, 150um, A4GNQJX-45A, A4GNQJX-45C, A4GNQJX-45B, A4GNQJX-45D, A4GNQJX-55C, A4GNQJX-65A, A4GNQJX-65B, A4GNQJX-65D, A4GNQJX-25A, A4GNQJX-55A, A4GNQJX-75A, A4GNQJX-75B, A4GNQJX-75C, A4GNQJX-75D, A4GNQJX-76A, A4GNQJX-76C, 
M-H-2-02, Purdue, 2015-12-07 13:53:39, WL_FL_153, YFC84-3915-2-2, AGGPXKX, 150um, A4GNQJX-59C, A4GNQJX-59B, A4GNQJX-59A, A4GNQJX-49D, A4GNQJX-49C, A4GNQJX-58D, A4GNQJX-58C, A4GNQJX-57D, A4GNQJX-57C, A4GNQJX-56D, A4GNQJX-56C, A4GNQJX-57B, A4GNQJX-57A, A4GNQJX-56A, A4GNQJX-48D, A4GNQJX-47D, 
M-H-1-13, Nebraska, 2015-12-08 17:51:25, WL_FL_154, YFC84-3915-1-13, , 150um, A4GNQJX-66A, A4GNQJX-26A, A4GNQJX-18C, A4GNQJX-26C, A4GNQJX-66C, A4GNQJX-36A, A4GNQJX-36D, A4GNQJX-46B, A4GNQJX-66D, A4GNQJX-16B, A4GNQJX-16D, A4GNQJX-16C, A4GNQJX-38C, A4GNQJX-36C, A4GNQJX-76B, A4GNQJX-46A, 
M-H-1-02, Purdue, 2016-01-26 14:26:46, WL_FR_014, YFC84-3915-1-2, AGGPXKX, 200um, AHGNU4X-40B, AHGNU4X-40A, AHGNU4X-30D, AHGNU4X-30B, AHGNU4X-51C, AHGNU4X-51A, AHGNU4X-62C, AHGNU4X-41B, AHGNU4X-41D, AHGNU4X-51B, AHGNU4X-51D, AHGNU4X-41A, AHGNU4X-62D, AHGNU4X-62A, AHGNU4X-62B, AHGNU4X-63C, 
M-G-3-16, Nebraska, 2016-01-08 17:28:13, WL_FR_016, YFC89-3815-3-16, AXGPX4X, 200um, ADGNTRX-51D, ADGNTRX-51A, ADGNTRX-40D, ADGNTRX-40B, ADGNTRX-30B, ADGNTRX-30A, ADGNTRX-30C, ADGNTRX-52A, ADGNTRX-52B, ADGNTRX-42D, ADGNTRX-42C, ADGNTRX-41D, ADGNTRX-42A, ADGNTRX-41B, ADGNTRX-41A, ADGNTRX-41C, 
M-H-1-16, Nebraska, 2015-12-23 21:53:14, WL_FR_028, YFC84-3915-1-16, AGGPXKX, 200um, AHGNQ6X-35A, AHGNQ6X-22A, AHGNQ6X-47A, AHGNQ6X-46B, AHGNQ6X-13A, AHGNQ6X-12C, AHGNQ6X-26C, AHGNQ6X-35D, AHGNQ6X-24A, AHGNQ6X-21D, AHGNQ6X-27B, AHGNQ6X-27A, AHGNQ6X-36D, AHGNQ6X-46A, AHGNQ6X-15D, AHGNQ6X-34B, 
M-J-3-09, Nebraska, 2016-02-11 19:37:34, WL_FR_029, YFD04-4715-3-9, AGGPXKX, 200um, ABGNTTX-27D, ABGNTTX-27B, ABGNTTX-29B, ABGNTTX-29D, ABGNTTX-28A, ABGNTTX-28B, ABGNTTX-28D, ABGNTTX-28C, ABGNTTX-29C, ABGNTTX-29A, ABGNTTX-23D, ABGNTTX-11D, ABGNTTX-11C, ABGNTTX-11A, ABGNTTX-13A, ABGNTTX-13B, 
M-G-3-26, Nebraska, 2016-01-28 23:43:17, WL_FR_030, YFC89-3815-3-26, AGGPXKX, 200um, AFGNTPX-49A, AFGNTPX-49B, AFGNTPX-49D, AFGNTPX-39A, AFGNTPX-38D, AFGNTPX-38B, AFGNTPX-38C, AFGNTPX-38A, AFGNTPX-29C, AFGNTPX-28A, AFGNTPX-28B, AFGNTPX-28C, AFGNTPX-28D, AFGNTPX-29A, AFGNTPX-29B, AFGNTPX-27D, 
M-H-2-31, Purdue, 2016-01-29 17:10:41, WL_FR_031, YFC84-3915-2-31, AGGPXKX, 200um, AFGNQ8X- 47D, AFGNQ8X- 47C, AFGNQ8X- 34D, AFGNQ8X- 33D, AFGNQ8X- 32B, AFGNQ8X- 32D, AFGNQ8X- 47A, AFGNQ8X- 47B, AFGNQ8X- 34C, AFGNQ8X- 34B, AFGNQ8X- 34A, AFGNQ8X- 36A, AFGNQ8X- 35B, AFGNQ8X- 35A, AFGNQ8X- 22A, AFGNQ8X- 22B, 
M-H-1-15, Purdue, 2016-01-26 15:16:25, WL_FR_039, YFC84-3915-1-15, AGGPXKX, 200um, AEGNQ9X-74D, AEGNQ9X-74B, AEGNQ9X-65A, AEGNQ9X-65B, AEGNQ9X-65D, AEGNQ9X-65C, AEGNQ9X-74A, AEGNQ9X-64C, AEGNQ9X-64B, AEGNQ9X-54D, AEGNQ9X-55A, AEGNQ9X-55C, AEGNQ9X-34D, AEGNQ9X-45B, AEGNQ9X-45A, AEGNQ9X-44B, 
M-B-8-22, Purdue, 2016-01-08 16:01:27, WL_FR_040, YHD19-1815-8-22, AXGPX4X, 200um, AIGNQ5X-64B, AIGNQ5X-64A, AIGNQ5X-63B, AIGNQ5X-63C, AIGNQ5X-57D, AIGNQ5X-05A, AIGNQ5X-28B, AIGNQ5X-07C, AIGNQ5X-28A, AIGNQ5X-67B, AIGNQ5X-47A, AIGNQ5X-75D, AIGNQ5X-75C, AIGNQ5X-06D, AIGNQ5X-63D, AIGNQ5X-42D, 
M-J-4-06, Nebraska, 2016-02-09 14:16:14, WL_FR_041, YFD04-4715-4-6, AGGPXKX, 200um, ABGNTTX-40A, ABGNTTX-40B, ABGNTTX-51C, ABGNTTX-51A, ABGNTTX-51B, ABGNTTX-63B, ABGNTTX-63D, ABGNTTX-62A, ABGNTTX-62B, ABGNTTX-62C, ABGNTTX-62D, ABGNTTX-63A, ABGNTTX-74C, ABGNTTX-74D, ABGNTTX-74A, ABGNTTX-74B, 
M-G-3-06, Purdue, 2015-12-22 16:48:02, WL_FR_044, YFC89-3815-3-6, AXGPX4X, 200um, AHGNQ6X-51D, AHGNQ6X-62A, AHGNQ6X-62C, AHGNQ6X-62D, AHGNQ6X-40C, AHGNQ6X-40A, AHGNQ6X-40B, AHGNQ6X-30D, AHGNQ6X-63C, AHGNQ6X-63D, AHGNQ6X-64C, AHGNQ6X-64B, AHGNQ6X-64D, AHGNQ6X-74A, AHGNQ6X-40D, AHGNQ6X-51C, 
M-G-1-18, Nebraska, 2016-01-22 19:53:27, WL_FR_045, YFC89-3815-1-18, AGGPXKX, 200um, AYGNQQX-75A, AYGNQQX-74D, AYGNQQX-74C, AYGNQQX-74B, AYGNQQX-74A, AYGNQQX-64C, AYGNQQX-63D, AYGNQQX-63C, AYGNQQX-62D, AYGNQQX-62B, AYGNQQX-62A, AYGNQQX-52C, AYGNQQX-51D, AYGNQQX-51C, AYGNQQX-53A, AYGNQQX-53C, 
M-G-2-39, Purdue, 2016-01-15 18:05:08, WL_FR_104, YFC89-3815-2-39, AGGPXKX, 200um, A2GNQLX-63C, A2GNQLX-76B, A2GNQLX-64A, A2GNQLX-53D, A2GNQLX-63B, A2GNQLX-63A, A2GNQLX-65D, A2GNQLX-68C, A2GNQLX-67D, A2GNQLX-66D, A2GNQLX-66C, A2GNQLX-65B, A2GNQLX-66B, A2GNQLX-67A, A2GNQLX-67B, A2GNQLX-68A, 
M-G-2-35, Purdue, 2016-01-11 12:08:57, WL_FR_105, YFC89-3815-2-35, AXGPX4X, 200um, AIGNQ5X-46C, AIGNQ5X-46A, AIGNQ5X-17B, AIGNQ5X-17D, AIGNQ5X-27A, AIGNQ5X-26C, AIGNQ5X-36A, AIGNQ5X-36C, AIGNQ5X-17C, AIGNQ5X-17A, AIGNQ5X-26B, AIGNQ5X-16D, AIGNQ5X-16B, AIGNQ5X-64C, AIGNQ5X-62A, AIGNQ5X-63A, 
M-G-1-41, Nebraska, 2016-01-26 18:36:17, WL_FR_106, YFC89-3815-1-41, , 200um, AYGNQQX-46A, AYGNQQX-46B, AYGNQQX-47A, AYGNQQX-47B, AYGNQQX-48B, AYGNQQX-49A, AYGNQQX-36D, AYGNQQX-37C, AYGNQQX-38D, AYGNQQX-39C, AYGNQQX-39D, AYGNQQX-49B, AYGNQQX-04D, AYGNQQX-14B, AYGNQQX-24B, AYGNQQX-25C, 
M-J-3-18, Purdue, 2016-02-10 12:59:24, WL_FR_111, YFD04-4715-3-18, , 200um, AGGNTNX-32D, AGGNTNX-34D, AGGNTNX-35A, AGGNTNX-34A, AGGNTNX-33B, AGGNTNX-32A, AGGNTNX-68C, AGGNTNX-46C, AGGNTNX-43A, AGGNTNX-35C, AGGNTNX-35D, AGGNTNX-35B, AGGNTNX-21A, AGGNTNX-21D, AGGNTNX-21C, AGGNTNX-34B, 
M-G-2-46, Nebraska, 2016-01-28 23:42:21, WL_FR_120, YFC89-3815-2-46, AXGPX4X, 200um, AFGNTPX-14A, AFGNTPX-04D, AFGNTPX-75A, AFGNTPX-75D, AFGNTPX-75C, AFGNTPX-04A, AFGNTPX-04B, AFGNTPX-04C, AFGNTPX-76D, AFGNTPX-76B, AFGNTPX-65C, AFGNTPX-65D, AFGNTPX-66C, AFGNTPX-67C, AFGNTPX-66B, AFGNTPX-66A, 
M-J-3-25, Purdue, 2016-02-12 13:44:20, WL_FR_121, YFD04-4715-3-25, AGGPXKX, 200um, ABGNSBX-66B, ABGNSBX-67C, ABGNSBX-67D, ABGNSBX-67A, ABGNSBX-67B, ABGNSBX-68C, ABGNSBX-59A, ABGNSBX-59B, ABGNSBX-59D, ABGNSBX-59C, ABGNSBX-68B, ABGNSBX-68D, ABGNSBX-58C, ABGNSBX-58B, ABGNSBX-57D, ABGNSBX-57C, 
M-H-2-23, Purdue, 2015-12-14 12:57:04, WL_FR_126, YFC84-3915-2-23, AGGPXKX, 150um, AVGNQTX-55D, AVGNQTX-54A, AVGNQTX-55A, AVGNQTX-67A, AVGNQTX-67B, AVGNQTX-56C, AVGNQTX-68B, AVGNQTX-68A, AVGNQTX-55C, AVGNQTX-54D, AVGNQTX-54C, AVGNQTX-67C, AVGNQTX-66A, AVGNQTX-67D, AVGNQTX-66C, AVGNQTX-54B, 
M-J-4-21, Nebraska, 2016-02-16 12:27:47, WL_FR_128, YFD04-4715-4-21, AGGPXKX, 200um, ALGNU0X-16B, ALGNU0X-17D, ALGNU0X-17B, ALGNU0X-17A, ALGNU0X-18C, ALGNU0X-18A, ALGNU0X-04C, ALGNU0X-04A, ALGNU0X-03A, ALGNU0X-03B, ALGNU0X-03D, ALGNU0X-18B, ALGNU0X-04D, ALGNU0X-04B, ALGNU0X-05C, ALGNU0X-05D, 
M-H-2-17, Purdue, 2016-01-26 15:22:53, WL_FR_139, YFC84-3915-2-17, AGGPXKX, 200um, AEGNQ9X-06B, AEGNQ9X-67C, AEGNQ9X-67A, AEGNQ9X-67B, AEGNQ9X-57C, AEGNQ9X-57A, AEGNQ9X-47B, AEGNQ9X-47A, AEGNQ9X-47D, AEGNQ9X-47C, AEGNQ9X-57B, AEGNQ9X-37C, AEGNQ9X-27A, AEGNQ9X-07C, AEGNQ9X-07B, AEGNQ9X-58D, 
M-H-2-11, Purdue, 2016-02-16 17:29:07, WL_FR_150, YFC84-3915-2-11, AGGPXKX, 200um, A2GNT2X-46A, A2GNT2X-45D, A2GNT2X-45B, A2GNT2X-45C, A2GNT2X-45A, A2GNT2X-44D, A2GNT2X-42B, A2GNT2X-42D, A2GNT2X-43C, A2GNT2X-44A, A2GNT2X-46B, A2GNT2X-46C, A2GNT2X-32C, A2GNT2X-32D, A2GNT2X-34C, A2GNT2X-33B, 
M-H-2-15, Purdue, 2015-12-08 17:24:22, WL_FR_151, YFC84-3915-2-15, AGGPXKX, 150um, A4GNQJX-42B, A4GNQJX-52A, A4GNQJX-42C, A4GNQJX-43A, A4GNQJX-53B, A4GNQJX-44D, A4GNQJX-53C, A4GNQJX-54B, A4GNQJX-53A, A4GNQJX-74A, A4GNQJX-64A, A4GNQJX-64C, A4GNQJX-43B, A4GNQJX-44B, A4GNQJX-53D, A4GNQJX-54C, 
M-H-1-19, Nebraska, 2015-12-09 19:51:11, WL_FR_153, YFC84-3915-1-19, AGGPXKX, 150um, A4GNQJX-25C, A4GNQJX-15B, A4GNQJX-06D, A4GNQJX-07B, A4GNQJX-67C, A4GNQJX-67B, A4GNQJX-07C, A4GNQJX-15A, A4GNQJX-35D, A4GNQJX-35C, A4GNQJX-35B, A4GNQJX-25D, A4GNQJX-25B, A4GNQJX-67D, A4GNQJX-15C, A4GNQJX-15D, 
M-H-2-42, Nebraska, 2015-12-16 18:58:28, WL_FR_154, YFC84-3915-2-42, AGGPXKX, 150um, AVGNQTX-44B, AVGNQTX-44A, AVGNQTX-44D, AVGNQTX-44C, AVGNQTX-36C, AVGNQTX-35D, AVGNQTX-47A, AVGNQTX-47B, AVGNQTX-45A, AVGNQTX-45B, AVGNQTX-45C, AVGNQTX-45D, AVGNQTX-46C, AVGNQTX-46D, AVGNQTX-47C, AVGNQTX-47D, 
M-J-2-13, Purdue, 2016-01-28 17:41:16, WL_LL_014, YFD04-4715-2-13, AGGPXKX, 200um, AHGNU4X-32B, AHGNU4X-22D, AHGNU4X-22C, AHGNU4X-22B, AHGNU4X-22A, AHGNU4X-12D, AHGNU4X-53B, AHGNU4X-53C, AHGNU4X-53D, AHGNU4X-12A, AHGNU4X-12B, AHGNU4X-12C, AHGNU4X-43D, AHGNU4X-43C, AHGNU4X-43B, AHGNU4X-43A, 
M-H-2-26, Nebraska, 2016-01-13 19:06:02, WL_LL_018, YFC84-3915-2-26, AGGPXKX, 200um, ADGNTRX-38D, ADGNTRX-48D, ADGNTRX-38C, ADGNTRX-48A, ADGNTRX-38A, ADGNTRX-38B, ADGNTRX-76C, ADGNTRX-75D, ADGNTRX-58D, ADGNTRX-58B, ADGNTRX-48D, ADGNTRX-68C, ADGNTRX-68A, ADGNTRX-58C, ADGNTRX-58A, ADGNTRX-48C, 
M-G-2-26, Nebraska, 2016-01-28 22:07:18, WL_LL_024, YFC89-3815-2-26, AXGPX4X, 200um, AHGNU4X-76A, AHGNU4X-74A, AHGNU4X-74B, AHGNU4X-76B, AHGNU4X-26C, AHGNU4X-16B, AHGNU4X-05D, AHGNU4X-67B, AHGNU4X-57C, AHGNU4X-06D, AHGNU4X-03C, AHGNU4X-26B, AHGNU4X-36C, AHGNU4X-75C, AHGNU4X-75D, AHGNU4X-36D, 
M-J-3-03, Nebraska, 2016-02-09 17:50:09, WL_LL_029, YFD04-4715-3-3, AGGPXKX, 200um, ABGNTTX-31B, ABGNTTX-31A, ABGNTTX-32C, ABGNTTX-32D, ABGNTTX-32B, ABGNTTX-32A, ABGNTTX-34A, ABGNTTX-34C, ABGNTTX-33A, ABGNTTX-33B, ABGNTTX-33C, ABGNTTX-33D, ABGNTTX-34B, ABGNTTX-35C, ABGNTTX-35D, ABGNTTX-35A, 
M-J-4-27, Nebraska, 2016-01-29 01:25:35, WL_LL_030, YFD04-4715-4-27, AGGPXKX, 200um, AFGNTPX-56D, AFGNTPX-55D, AFGNTPX-56B, AFGNTPX-56A, AFGNTPX-55B, AFGNTPX-45B, AFGNTPX-45D, AFGNTPX-45C, AFGNTPX-59C, AFGNTPX-59D, AFGNTPX-55A, AFGNTPX-35D, AFGNTPX-35C, AFGNTPX-46D, AFGNTPX-46C, AFGNTPX-48D, 
M-I-1-20, Purdue, 2016-02-01 17:01:36, WL_LL_031, YFD00-4715-1-20, 146, 200um, AFGNQ8X- 52B, AFGNQ8X- 57A, AFGNQ8X- 31A, AFGNQ8X- 31B, AFGNQ8X- 31D, AFGNQ8X- 42B, AFGNQ8X- 42C, AFGNQ8X- 42D, AFGNQ8X- 30B, AFGNQ8X- 21D, AFGNQ8X- 21B, AFGNQ8X- 11D, AFGNQ8X- 11B, AFGNQ8X- 56C, AFGNQ8X- 54B, AFGNQ8X- 54C, 
M-J-2-17, Nebraska, 2016-02-03 22:03:09, WL_LL_034, YFD04-4715-2-17, AGGPXKX, 200um, A5GNTZX-33A, A5GNTZX-32C, A5GNTZX-22D, A5GNTZX-22B, A5GNTZX-22A, A5GNTZX-12D, A5GNTZX-24D, A5GNTZX-23B, A5GNTZX-23A, A5GNTZX-23C, A5GNTZX-23D, A5GNTZX-12A, A5GNTZX-24B, A5GNTZX-24A, A5GNTZX-25D, A5GNTZX-25C, 
M-H-1-42, Purdue, 2016-01-26 15:03:38, WL_LL_039, YFC84-3915-1-42, AGGPXKX, 200um, AEGNQ9X-35D, AEGNQ9X-34A, AEGNQ9X-34B, AEGNQ9X-35A, AEGNQ9X-35B, AEGNQ9X-24D, AEGNQ9X-14C, AEGNQ9X-24A, AEGNQ9X-24B, AEGNQ9X-24A, AEGNQ9X-25B, AEGNQ9X-24C, AEGNQ9X-14D, AEGNQ9X-15D, AEGNQ9X-14B, AEGNQ9X-15A, 
M-G-3-43, Purdue, 2016-01-11 12:08:30, WL_LL_040, YFC89-3815-3-43, AXGPX4X, 200um, AIGNQ5X-54B, AIGNQ5X-55A, AIGNQ5X-55B, AIGNQ5X-54C, AIGNQ5X-54D, AIGNQ5X-55C, AIGNQ5X-54A, AIGNQ5X-45D, AIGNQ5X-45C, AIGNQ5X-35D, AIGNQ5X-45A, AIGNQ5X-53D, AIGNQ5X-51A, AIGNQ5X-51C, AIGNQ5X-51B, AIGNQ5X-52A, 
M-G-2-28, Purdue, 2015-12-21 17:33:00, WL_LL_044, YFC89-3815-2-28, AGGPXKX, 200um, AHGNQ6X-47B, AHGNQ6X-48A, AHGNQ6X-48B, AHGNQ6X-49A, AHGNQ6X-49B, AHGNQ6X-49D, AHGNQ6X-37D, AHGNQ6X-37C, AHGNQ6X-55B, AHGNQ6X-45D, AHGNQ6X-46C, AHGNQ6X-46D, AHGNQ6X-47C, AHGNQ6X-47D, AHGNQ6X-48C, AHGNQ6X-48D, 
M-G-1-17, Purdue, 2016-01-12 18:25:57, WL_LL_045, YFC89-3815-1-17, AXGPX4X, 200um, ADGNTRX-03B, ADGNTRX-03A, ADGNTRX-75C, ADGNTRX-74D, ADGNTRX-74C, ADGNTRX-63D, ADGNTRX-63A, ADGNTRX-44A, ADGNTRX-44B, ADGNTRX-44C, ADGNTRX-36C, ADGNTRX-62A, ADGNTRX-62B, ADGNTRX-26B, ADGNTRX-07A, ADGNTRX-35C, 
M-J-3-01, Purdue, 2016-02-09 14:05:19, WL_LL_101, YFD04-4715-3-1, AGGPXKX, 200um, AGGNTNX-49D, AGGNTNX-49C, AGGNTNX-49B, AGGNTNX-48D, AGGNTNX-48B, AGGNTNX-48C, AGGNTNX-48A, AGGNTNX-47D, AGGNTNX-54D, AGGNTNX-54C, AGGNTNX-46D, AGGNTNX-47A, AGGNTNX-47B, AGGNTNX-47C, AGGNTNX-54B, AGGNTNX-54A, 
M-G-1-39, Purdue, 2016-01-08 16:00:00, WL_LL_105, YFC89-3815-1-39, AGGPXKX, 200um, AIGNQ5X-58A, AIGNQ5X-28D, AIGNQ5X-38A, AIGNQ5X-38B, AIGNQ5X-38C, AIGNQ5X-38D, AIGNQ5X-18C, AIGNQ5X-57C, AIGNQ5X-47B, AIGNQ5X-37D, AIGNQ5X-37B, AIGNQ5X-47C, AIGNQ5X-57A, AIGNQ5X-27D, AIGNQ5X-13A, AIGNQ5X-14A, 
M-G-2-09, Nebraska, 2016-01-27 10:55:49, WL_LL_106, YFC89-3815-2-9, AXGPX4X, 200um, AYGNQQX-03A, AYGNQQX-23D, AYGNQQX-23B, AYGNQQX-13D, AYGNQQX-03D, AYGNQQX-34C, AYGNQQX-34A, AYGNQQX-24C, AYGNQQX-24A, AYGNQQX-14C, AYGNQQX-14A, AYGNQQX-04C, AYGNQQX-04A, AYGNQQX-44B, AYGNQQX-34D, AYGNQQX-34B, 
M-J-1-01, Purdue, 2016-02-02 17:01:54, WL_LL_108, YFD04-4715-1-1, AGGPXKX, 200um, AFGNQ8X- 63C, AFGNQ8X- 63A, AFGNQ8X- 64D, AFGNQ8X- 64B, AFGNQ8X- 55D, AFGNQ8X- 55C, AFGNQ8X- 42A, AFGNQ8X- 48C, AFGNQ8X- 44D, AFGNQ8X- 45B, AFGNQ8X- 56D, AFGNQ8X- 55A, AFGNQ8X- 31C, AFGNQ8X- 33B, AFGNQ8X- 33A, AFGNQ8X- 36B, 
M-H-2-14, Purdue, 2016-01-21 17:10:35, WL_LL_109, YFC84-3915-2-14, AGGPXKX, 200um, A2GNQLX-24A, A2GNQLX-24C, A2GNQLX-45D, A2GNQLX-45C, A2GNQLX-57A, A2GNQLX-56B, A2GNQLX-56A, A2GNQLX-55B, A2GNQLX-58B, A2GNQLX-58A, A2GNQLX-57B, A2GNQLX-47C, A2GNQLX-46D, A2GNQLX-46C, A2GNQLX-59A, A2GNQLX-59B, 
M-J-3-38, Purdue, 2016-02-09 15:14:58, WL_LL_111, YFD04-4715-3-38, , 200um, AGGNTNX-40D, AGGNTNX-40C, AGGNTNX-40B, AGGNTNX-40A, AGGNTNX-30D, AGGNTNX-30C, AGGNTNX-51A, AGGNTNX-51B, AGGNTNX-51C, AGGNTNX-51D, AGGNTNX-30A, AGGNTNX-30B, AGGNTNX-62C, AGGNTNX-62A, AGGNTNX-62B, AGGNTNX-63C, 
M-I-1-03, Purdue, 2016-02-09 17:52:58, WL_LL_117, YFD00-4715-1-3, AGGPXKX, 200um, AKGNULX-12D, AKGNULX-12B, AKGNULX-07C, AKGNULX-07D, AKGNULX-11B, AKGNULX-11C, AKGNULX-11D, AKGNULX-12A, AKGNULX-07B, AKGNULX-07A, AKGNULX-06D, AKGNULX-06C, AKGNULX-06B, AKGNULX-06A, AKGNULX-04B, AKGNULX-04D, 
M-I-2-07, Purdue, 2016-02-16 17:30:37, WL_LL_121, YFD00-4715-2-7, AGGPXKX, 200um, A2GNT2X-18C, A2GNT2X-16A, A2GNT2X-15C, A2GNT2X-15A, A2GNT2X-15B, A2GNT2X-13B, A2GNT2X-13C, A2GNT2X-13D, A2GNT2X-16B, A2GNT2X-14B, A2GNT2X-14C, A2GNT2X-17D, A2GNT2X-17B, A2GNT2X-17C, A2GNT2X-17A, A2GNT2X-18B, 
M-H-2-21, Purdue, 2015-12-14 14:43:30, WL_LL_126, YFC84-3915-2-21, AGGPXKX, 150um, AVGNQTX-12B, AVGNQTX-27D, AVGNQTX-63B, AVGNQTX-41B, AVGNQTX-41D, AVGNQTX-65D, AVGNQTX-17B, AVGNQTX-58D, AVGNQTX-33B, AVGNQTX-34A, AVGNQTX-40A, AVGNQTX-40B, AVGNQTX-41A, AVGNQTX-40D, AVGNQTX-40C, AVGNQTX-34B, 
M-I-2-01, Nebraska, 2016-02-16 12:12:02, WL_LL_128, YFD00-4715-2-1, AGGPXKX, 200um, ALGNU0X-47D, ALGNU0X-47B, ALGNU0X-49A, ALGNU0X-49D, ALGNU0X-49C, ALGNU0X-48B, ALGNU0X-48D, ALGNU0X-48C, ALGNU0X-49B, ALGNU0X-39D, ALGNU0X-39C, ALGNU0X-39A, ALGNU0X-37C, ALGNU0X-37B, ALGNU0X-37D, ALGNU0X-38A, 
M-G-1-40, Purdue, 2016-01-15 18:12:13, WL_LL_139, YFC89-3815-1-40, AXGPX4X, 200um, AEGNQ9X-55B, AEGNQ9X-37B, AEGNQ9X-46A, AEGNQ9X-14A, AEGNQ9X-54B, AEGNQ9X-48C, AEGNQ9X-18C, AEGNQ9X-39A, AEGNQ9X-17A, AEGNQ9X-58C, AEGNQ9X-18B, AEGNQ9X-59D, AEGNQ9X-62D, AEGNQ9X-30D, AEGNQ9X-13D, AEGNQ9X-53A, 
M-G-1-16, Nebraska, 2016-01-21 19:05:46, WL_LL_146, YFC89-3815-1-16, AXGPX4X, 200um, A2GNQLX-06C, A2GNQLX-29B, A2GNQLX-29A, A2GNQLX-28B, A2GNQLX-28A, A2GNQLX-27B, A2GNQLX-27A, A2GNQLX-26B, A2GNQLX-26A, A2GNQLX-16C, A2GNQLX-16D, A2GNQLX-17C, A2GNQLX-17D, A2GNQLX-18C, A2GNQLX-18D, A2GNQLX-18A, 
M-H-1-31, Purdue, 2016-02-16 17:57:55, WL_LL_150, YFC84-3915-1-31, AGGPXKX, 200um, A2GNT2X-74B, A2GNT2X-75C, A2GNT2X-76A, A2GNT2X-76D, A2GNT2X-76C, A2GNT2X-75B, A2GNT2X-66A, A2GNT2X-75D, A2GNT2X-76B, A2GNT2X-67C, A2GNT2X-67D, A2GNT2X-67A, A2GNT2X-67B, A2GNT2X-68C, A2GNT2X-65D, A2GNT2X-66B, 
M-H-1-14, Nebraska, 2015-12-09 19:50:23, WL_LL_153, YFC84-3915-1-14, , 150um, A4GNQJX-39B, A4GNQJX-29D, A4GNQJX-29B, A4GNQJX-39A, A4GNQJX-39D, A4GNQJX-48A, A4GNQJX-28B, A4GNQJX-38A, A4GNQJX-56B, A4GNQJX-48C, A4GNQJX-46C, A4GNQJX-49B, A4GNQJX-49A, A4GNQJX-48B, A4GNQJX-47C, A4GNQJX-55B, 
M-H-2-12, Nebraska, 2015-12-15 18:57:36, WL_LL_154, YFC84-3915-2-12, AGGPXKX, 150um, A4GNQJX-34B, A4GNQJX-21D, A4GNQJX-18D, A4GNQJX-67A, A4GNQJX-04B, A4GNQJX-21C, A4GNQJX-27B, A4GNQJX-32C, A4GNQJX-63D, A4GNQJX-62D, A4GNQJX-64B, A4GNQJX-41D, A4GNQJX-04C, A4GNQJX-27D, A4GNQJX-31B, A4GNQJX-14A, 
M-H-1-44, Purdue, 2016-01-26 14:24:00, WL_RR_014, YFC84-3915-1-44, AGGPXKX, 200um, AHGNU4X-63D, AHGNU4X-63B, AHGNU4X-42B, AHGNU4X-42D, AHGNU4X-42C, AHGNU4X-52B, AHGNU4X-52A, AHGNU4X-52D, AHGNU4X-32A, AHGNU4X-32D, AHGNU4X-32C, AHGNU4X-31D, AHGNU4X-31C, AHGNU4X-42A, AHGNU4X-11B, AHGNU4X-21B, 
M-G-1-35, Nebraska, 2016-01-08 17:24:24, WL_RR_016, YFC89-3815-1-35, AGGPXKX, 200um, ADGNTRX-34C, ADGNTRX-31C, ADGNTRX-31D, ADGNTRX-31B, ADGNTRX-31A, ADGNTRX-21C, ADGNTRX-21D, ADGNTRX-21B, ADGNTRX-21A, ADGNTRX-11B, ADGNTRX-32D, ADGNTRX-32C, ADGNTRX-33C, ADGNTRX-33D, ADGNTRX-34A, ADGNTRX-33B, 
M-G-3-24, Nebraska, 2016-01-08 20:49:48, WL_RR_018, YFC89-3815-3-24, AXGPX4X, 200um, ADGNTRX-57D, ADGNTRX-57C, ADGNTRX-56D, ADGNTRX-56C, ADGNTRX-55D, ADGNTRX-55C, ADGNTRX-54D, ADGNTRX-54C, ADGNTRX-57B, ADGNTRX-57A, ADGNTRX-56B, ADGNTRX-56A, ADGNTRX-55B, ADGNTRX-55A, ADGNTRX-54B, ADGNTRX-54A, 
M-H-2-07, Nebraska, 2015-12-22 23:27:44, WL_RR_028, YFC84-3915-2-7, AGGPXKX, 200um, AHGNQ6X-54A, AHGNQ6X-54B, AHGNQ6X-44A, AHGNQ6X-43B, AHGNQ6X-45C, AHGNQ6X-44D, AHGNQ6X-44C, AHGNQ6X-43D, AHGNQ6X-44B, AHGNQ6X-45A, AHGNQ6X-33D, AHGNQ6X-34C, AHGNQ6X-34D, AHGNQ6X-35C, AHGNQ6X-33B, AHGNQ6X-34A, 
M-J-3-15, Nebraska, 2016-02-09 19:32:13, WL_RR_029, YFD04-4715-3-15, AGGPXKX, 200um, ABGNTTX-35B, ABGNTTX-36D, ABGNTTX-38D, ABGNTTX-37B, ABGNTTX-37D, ABGNTTX-37C, ABGNTTX-36A, ABGNTTX-36C, ABGNTTX-38C, ABGNTTX-38B, ABGNTTX-38A, ABGNTTX-39C, ABGNTTX-39B, ABGNTTX-37A, ABGNTTX-22D, ABGNTTX-22C, 
M-J-2-33, Nebraska, 2016-01-29 01:24:44, WL_RR_030, YFD04-4715-2-33, AGGPXKX, 200um, AFGNTPX-15D, AFGNTPX-15B, AFGNTPX-15A, AFGNTPX-16C, AFGNTPX-16D, AFGNTPX-16B, AFGNTPX-18C, AFGNTPX-18D, AFGNTPX-17A, AFGNTPX-17B, AFGNTPX-17C, AFGNTPX-16A, AFGNTPX-18B, AFGNTPX-18A, AFGNTPX-07D, AFGNTPX-07C, 
M-J-1-03, Purdue, 2016-02-01 17:19:58, WL_RR_031, YFD04-4715-1-3, AGGPXKX, 200um, AFGNQ8X- 23B, AFGNQ8X- 23A, AFGNQ8X- 24A, AFGNQ8X- 25D, AFGNQ8X- 25C, AFGNQ8X- 25B, AFGNQ8X- 27D, AFGNQ8X- 26A, AFGNQ8X- 26B, AFGNQ8X- 26D, AFGNQ8X- 26C, AFGNQ8X- 39B, AFGNQ8X- 27C, AFGNQ8X- 27A, AFGNQ8X- 28C, AFGNQ8X- 28A, 
M-J-4-10, Nebraska, 2016-02-11 19:38:10, WL_RR_032, YFD04-4715-4-10, AGGPXKX, 200um, AKGNULX-37D, AKGNULX-37C, AKGNULX-37B, AKGNULX-37A, AKGNULX-36D, AKGNULX-36C, AKGNULX-35A, AKGNULX-35B, AKGNULX-35C, AKGNULX-35D, AKGNULX-36A, AKGNULX-36B, AKGNULX-34D, AKGNULX-34B, AKGNULX-34C, AKGNULX-34A, 
M-J-2-20, Nebraska, 2016-02-03 20:29:12, WL_RR_034, YFD04-4715-2-20, AGGPXKX, 200um, A5GNTZX-25B, A5GNTZX-26C, A5GNTZX-28C, A5GNTZX-28D, A5GNTZX-27A, A5GNTZX-27B, A5GNTZX-26A, A5GNTZX-26B, A5GNTZX-28A, A5GNTZX-29C, A5GNTZX-29D, A5GNTZX-29B, A5GNTZX-29A, A5GNTZX-13D, A5GNTZX-15D, A5GNTZX-14B, 
M-G-2-38, Nebraska, 2016-02-09 14:18:20, WL_RR_038, YFC89-3815-2-38, , 200um, AKGNULX-74C, AKGNULX-74A, AKGNULX-76A, AKGNULX-76B, AKGNULX-76D, AKGNULX-75D, AKGNULX-75C, AKGNULX-74D, AKGNULX-67C, AKGNULX-67D, AKGNULX-67A, AKGNULX-67B, AKGNULX-68C, AKGNULX-68B, AKGNULX-58A, AKGNULX-58C, 
M-B-5-25, Purdue, 2016-01-26 15:12:38, WL_RR_039, YHD19-1815-5-25, , 200um, AEGNQ9X-52B, AEGNQ9X-42D, AEGNQ9X-42B, AEGNQ9X-42A, AEGNQ9X-32C, AEGNQ9X-32B, AEGNQ9X-03A, AEGNQ9X-03C, AEGNQ9X-21D, AEGNQ9X-21C, AEGNQ9X-52D, AEGNQ9X-62B, AEGNQ9X-62C, AEGNQ9X-11B, AEGNQ9X-11A, AEGNQ9X-11C, 
M-B-3-32, Purdue, 2016-01-15 11:24:25, WL_RR_040, YHD19-1815-3-32, AXGPX4X, 200um, AIGNQ5X-24D, AIGNQ5X-24C, AIGNQ5X-23D, AIGNQ5X-23C, AIGNQ5X-33B, AIGNQ5X-33A, AIGNQ5X-24B, AIGNQ5X-25A, AIGNQ5X-25B, AIGNQ5X-26A, AIGNQ5X-25D, AIGNQ5X-25C, AIGNQ5X-15C, AIGNQ5X-14D, AIGNQ5X-13D, AIGNQ5X-23A, 
M-J-2-29, Nebraska, 2016-02-09 14:10:42, WL_RR_041, YFD04-4715-2-29, AGGPXKX, 200um, ABGNTTX-58A, ABGNTTX-57D, ABGNTTX-57C, ABGNTTX-57B, ABGNTTX-57A, ABGNTTX-66D, ABGNTTX-65A, ABGNTTX-65B, ABGNTTX-65C, ABGNTTX-65D, ABGNTTX-66A, ABGNTTX-66C, ABGNTTX-64D, ABGNTTX-64C, ABGNTTX-64A, ABGNTTX-64B, 
M-G-3-46, Purdue, 2015-12-22 16:47:41, WL_RR_044, YFC89-3815-3-46, AXGPX4X, 200um, AHGNQ6X-41D, AHGNQ6X-41B, AHGNQ6X-31D, AHGNQ6X-31B, AHGNQ6X-32C, AHGNQ6X-42A, AHGNQ6X-42C, AHGNQ6X-52A, AHGNQ6X-30A, AHGNQ6X-51A, AHGNQ6X-21C, AHGNQ6X-31A, AHGNQ6X-31C, AHGNQ6X-41A, AHGNQ6X-41C, AHGNQ6X-51B, 
M-B-4-48, Nebraska, 2016-01-22 19:32:54, WL_RR_045, YHD19-1815-4-48, , 200um, AYGNQQX-59D, AYGNQQX-59C, AYGNQQX-59B, AYGNQQX-59A, AYGNQQX-68B, AYGNQQX-58D, AYGNQQX-68C, AYGNQQX-68A, AYGNQQX-67D, AYGNQQX-67C, AYGNQQX-76B, AYGNQQX-76C, AYGNQQX-76A, AYGNQQX-75D, AYGNQQX-75C, AYGNQQX-75B, 
M-G-1-04, Purdue, 2016-01-19 21:13:57, WL_RR_104, YFC89-3815-1-4, AGGPXKX, 200um, A2GNQLX-48C, A2GNQLX-25C, A2GNQLX-49C, A2GNQLX-21C, A2GNQLX-48D, A2GNQLX-52C, A2GNQLX-32C, A2GNQLX-33A, A2GNQLX-22B, A2GNQLX-33B, A2GNQLX-31B, A2GNQLX-23C, A2GNQLX-64B, A2GNQLX-65A, A2GNQLX-68B, A2GNQLX-68D, 
M-G-2-30, Purdue, 2016-01-11 12:06:10, WL_RR_105, YFC89-3815-2-30, AXGPX4X, 200um, AIGNQ5X-75A, AIGNQ5X-75B, AIGNQ5X-76A, AIGNQ5X-66D, AIGNQ5X-66C, AIGNQ5X-65D, AIGNQ5X-48D, AIGNQ5X-58B, AIGNQ5X-58C, AIGNQ5X-64D, AIGNQ5X-65C, AIGNQ5X-48A, AIGNQ5X-47D, AIGNQ5X-57B, AIGNQ5X-48B, AIGNQ5X-48C, 
M-J-1-37, Purdue, 2016-02-03 19:15:57, WL_RR_108, YFD04-4715-1-37, AGGPXKX, 200um, A5GNTZX- 62D, A5GNTZX- 62C, A5GNTZX- 63C, A5GNTZX- 63D, A5GNTZX- 52A, A5GNTZX- 52C, A5GNTZX- 62A, A5GNTZX- 62B, A5GNTZX- 63A, A5GNTZX- 53C, A5GNTZX- 53A, A5GNTZX- 43D, A5GNTZX- 43C, A5GNTZX- 74D, A5GNTZX- 54C, A5GNTZX- 54D, 
M-H-2-41, Purdue, 2016-01-21 17:42:10, WL_RR_109, YFC84-3915-2-41, AGGPXKX, 200um, A2GNQLX-49D, A2GNQLX-49B, A2GNQLX-49A, A2GNQLX-44B, A2GNQLX-34D, A2GNQLX-34B, A2GNQLX-24D, A2GNQLX-24B, A2GNQLX-14D, A2GNQLX-14B, A2GNQLX-04D, A2GNQLX-04B, A2GNQLX-45A, A2GNQLX-35C, A2GNQLX-25A, A2GNQLX-15C, 
M-I-1-44, Purdue, 2016-02-09 11:05:36, WL_RR_111, YFD00-4715-1-44, AGGPXKX, 200um, AGGNTNX-39C, AGGNTNX-39B, AGGNTNX-39A, AGGNTNX-38D, AGGNTNX-38B, AGGNTNX-29D, AGGNTNX-29B, AGGNTNX-29C, AGGNTNX-29A, AGGNTNX-38C, AGGNTNX-28B, AGGNTNX-38A, AGGNTNX-27D, AGGNTNX-37B, AGGNTNX-37D, AGGNTNX-28C, 
M-J-3-36, Purdue, 2016-02-10 19:40:16, WL_RR_117, YFD04-4715-3-36, AGGPXKX, 200um, AKGNULX-23A, AKGNULX-57B, AKGNULX-59B, AKGNULX-38C, AKGNULX-38D, AKGNULX-68D, AKGNULX-23D, AKGNULX-30C, AKGNULX-39B, AKGNULX-30B, AKGNULX-30A, AKGNULX-21A, AKGNULX-17D, AKGNULX-17C, AKGNULX-39A, AKGNULX-18A, 
M-B-5-29, Nebraska, 2016-01-28 23:40:32, WL_RR_120, YHD19-1815-5-29, , 200um, AFGNTPX-33C, AFGNTPX-33D, AFGNTPX-13C, AFGNTPX-23A, AFGNTPX-23B, AFGNTPX-23C, AFGNTPX-23D, AFGNTPX-33A, AFGNTPX-13B, AFGNTPX-13A, AFGNTPX-03D, AFGNTPX-03C, AFGNTPX-03B, AFGNTPX-64B, AFGNTPX-64D, AFGNTPX-74A, 
M-I-2-17, Purdue, 2016-02-15 16:58:50, WL_RR_121, YFD00-4715-2-17, AGGPXKX, 200um, ABGNSBX-30D, ABGNSBX-30B, ABGNSBX-40D, ABGNSBX-40B, ABGNSBX-31C, ABGNSBX-31D, ABGNSBX-51D, ABGNSBX-41A, ABGNSBX-41B, ABGNSBX-41D, ABGNSBX-41C, ABGNSBX-31A, ABGNSBX-51A, ABGNSBX-51B, ABGNSBX-62C, ABGNSBX-62A, 
M-H-2-20, Purdue, 2015-12-15 17:21:02, WL_RR_126, YFC84-3915-2-20, AGGPXKX, 150um, AVGNQTX-51C, AVGNQTX-51D, AVGNQTX-52C, AVGNQTX-52A, AVGNQTX-52D, AVGNQTX-52B, AVGNQTX-53C, AVGNQTX-53A, AVGNQTX-53D, AVGNQTX-53B, AVGNQTX-62C, AVGNQTX-62A, AVGNQTX-62D, AVGNQTX-62B, AVGNQTX-63C, AVGNQTX-63A, 
M-I-2-33, Purdue, 2016-02-15 17:01:18, WL_RR_150, YFD00-4715-2-33, AGGPXKX, 200um, A2GNT2X-57B, A2GNT2X-58C, A2GNT2X-58D, A2GNT2X-58B, A2GNT2X-58A, A2GNT2X-59B, A2GNT2X-48A, A2GNT2X-48C, A2GNT2X-49A, A2GNT2X-49B, A2GNT2X-49C, A2GNT2X-49D, A2GNT2X-47B, A2GNT2X-47C, A2GNT2X-47A, A2GNT2X-46D, 
M-H-1-48, Purdue, 2015-12-09 16:07:06, WL_RR_151, YFC84-3915-1-48, AGGPXKX, 150um, A4GNQJX-63C, A4GNQJX-44A, A4GNQJX-43D, A4GNQJX-44C, A4GNQJX-54A, A4GNQJX-42A, A4GNQJX-43C, A4GNQJX-54D, A4GNQJX-64D, A4GNQJX-74B, A4GNQJX-63A, A4GNQJX-62B, A4GNQJX-62A, A4GNQJX-52D, A4GNQJX-52C, A4GNQJX-52B, 
M-H-1-17, Nebraska, 2015-12-09 19:50:45, WL_RR_153, YFC84-3915-1-17, , 150um, A4GNQJX-22A, A4GNQJX-22B, A4GNQJX-23A, A4GNQJX-23B, A4GNQJX-06B, A4GNQJX-06A, A4GNQJX-05D, A4GNQJX-05C, A4GNQJX-21B, A4GNQJX-24A, A4GNQJX-24B, A4GNQJX-24D, A4GNQJX-23D, A4GNQJX-33B, A4GNQJX-34C, A4GNQJX-34D, 
M-H-2-38, Nebraska, 2015-12-16 18:34:29, WL_RR_154, YFC84-3915-2-38, AGGPXKX, 150um, AVGNQTX-36B, AVGNQTX-22B, AVGNQTX-22A, AVGNQTX-21B, AVGNQTX-21C, AVGNQTX-21D, AVGNQTX-11B, AVGNQTX-11C, AVGNQTX-24D, AVGNQTX-24C, AVGNQTX-23D, AVGNQTX-14C, AVGNQTX-22D, AVGNQTX-22C, AVGNQTX-27A, AVGNQTX-26C, 
M-B-7-39, Purdue, 2016-01-26 14:40:46, WL_TT_014, YHD19-1815-7-39, AXGPX4X, 200um, AEGNQ9X-23D, AEGNQ9X-22C, AEGNQ9X-12D, AEGNQ9X-12B, AEGNQ9X-12C, AEGNQ9X-22B, AEGNQ9X-22D, AEGNQ9X-27D, AEGNQ9X-58A, AEGNQ9X-39C, AEGNQ9X-38B, AEGNQ9X-03D, AEGNQ9X-05B, AEGNQ9X-25C, AEGNQ9X-57D, AEGNQ9X-37D, 
M-G-1-08, Nebraska, 2016-01-08 17:26:52, WL_TT_016, YFC89-3815-1-8, AXGPX4X, 200um, ADGNTRX-27B, ADGNTRX-27A, ADGNTRX-26A, ADGNTRX-17D, ADGNTRX-17C, ADGNTRX-16D, ADGNTRX-16C, ADGNTRX-17B, ADGNTRX-17A, ADGNTRX-07D, ADGNTRX-07C, ADGNTRX-07B, ADGNTRX-06B, ADGNTRX-06A, ADGNTRX-06C, ADGNTRX-16A, 
M-H-1-24, Nebraska, 2016-01-13 19:03:45, WL_TT_018, YFC84-3915-1-24, , 200um, ADGNTRX-67C, ADGNTRX-74B, ADGNTRX-66C, ADGNTRX-65D, ADGNTRX-65C, ADGNTRX-64D, ADGNTRX-64C, ADGNTRX-65A, ADGNTRX-65B, ADGNTRX-66A, ADGNTRX-66B, ADGNTRX-67A, ADGNTRX-67B, ADGNTRX-64B, ADGNTRX-64A, ADGNTRX-63B, 
M-G-2-15, Nebraska, 2016-01-28 22:07:47, WL_TT_024, YFC89-3815-2-15, AXGPX4X, 200um, AHGNU4X-11D, AHGNU4X-53A, AHGNU4X-54A, AHGNU4X-34D, AHGNU4X-25A, AHGNU4X-33C, AHGNU4X-41C, AHGNU4X-15B, AHGNU4X-54C, AHGNU4X-40D, AHGNU4X-33A, AHGNU4X-66D, AHGNU4X-57A, AHGNU4X-57B, AHGNU4X-68D, AHGNU4X-68B, 
M-J-2-15, Nebraska, 2016-02-03 20:27:35, WL_TT_031, YFD04-4715-2-15, AGGPXKX, 200um, AFGNQ8X-58C, AFGNQ8X-57C, AFGNQ8X-66B, AFGNQ8X-65D, AFGNQ8X-58A, AFGNQ8X-52D, AFGNQ8X-59C, AFGNQ8X-58B, AFGNQ8X-66A, AFGNQ8X-65A, AFGNQ8X-65B, AFGNQ8X-64A, AFGNQ8X-59B, AFGNQ8X-59A, AFGNQ8X-57A, AFGNQ8X-76A, 
M-J-1-40, Purdue, 2016-01-29 17:03:28, WL_TT_034, YFD04-4715-1-40, AGGPXKX, 200um, A5GNTZX- 68B, A5GNTZX- 68A, A5GNTZX- 58B, A5GNTZX- 58C, A5GNTZX- 59A, A5GNTZX- 59B, A5GNTZX- 59D, A5GNTZX- 57B, A5GNTZX- 57A, A5GNTZX- 56D, A5GNTZX- 56A, A5GNTZX- 55D, A5GNTZX- 45D, A5GNTZX- 42C, A5GNTZX- 42D, A5GNTZX- 55A, 
M-J-4-12, Nebraska, 2016-02-09 17:50:48, WL_TT_038, YFD04-4715-4-12, AGGPXKX, 200um, ABGNTTX-14C, ABGNTTX-14D, ABGNTTX-14B, ABGNTTX-15C, ABGNTTX-15D, ABGNTTX-15A, ABGNTTX-17C, ABGNTTX-16B, ABGNTTX-16A, ABGNTTX-16D, ABGNTTX-16C, ABGNTTX-15B, ABGNTTX-17D, ABGNTTX-17A, ABGNTTX-17B, ABGNTTX-18D, 
M-H-2-09, Purdue, 2016-01-26 14:47:51, WL_TT_039, YFC84-3915-2-9, AGGPXKX, 200um, AEGNQ9X-76A, AEGNQ9X-66A, AEGNQ9X-56C, AEGNQ9X-56A, AEGNQ9X-56B, AEGNQ9X-56D, AEGNQ9X-66B, AEGNQ9X-66D, AEGNQ9X-15B, AEGNQ9X-04C, AEGNQ9X-04A, AEGNQ9X-04B, AEGNQ9X-05A, AEGNQ9X-05D, AEGNQ9X-05C, AEGNQ9X-76C, 
M-G-3-12, Purdue, 2016-01-12 18:26:42, WL_TT_040, YFC89-3815-3-12, AXGPX4X, 200um, AIGNQ5X-11D, AIGNQ5X-21A, AIGNQ5X-21B, AIGNQ5X-21D, AIGNQ5X-21C, AIGNQ5X-31B, AIGNQ5X-22A, AIGNQ5X-22C, AIGNQ5X-32A, AIGNQ5X-42B, AIGNQ5X-42A, AIGNQ5X-11C, AIGNQ5X-43C, AIGNQ5X-12D, AIGNQ5X-22B, AIGNQ5X-22D, 
M-J-2-27, Nebraska, 2016-02-03 22:04:04, WL_TT_041, YFD04-4715-2-27, AGGPXKX, 200um, A5GNTZX-04A, A5GNTZX-04B, A5GNTZX-07C, A5GNTZX-06A, A5GNTZX-05B, A5GNTZX-05A, A5GNTZX-05D, A5GNTZX-05C, A5GNTZX-07A, A5GNTZX-07B, A5GNTZX-75C, A5GNTZX-76B, A5GNTZX-76A, A5GNTZX-66D, A5GNTZX-65B, A5GNTZX-66B, 
M-G-3-50, Purdue, 2015-12-21 17:30:58, WL_TT_044, YFC89-3815-3-50, AXGPX4X, 200um, AHGNQ6X-43C, AHGNQ6X-32D, AHGNQ6X-52B, AHGNQ6X-53C, AHGNQ6X-53D, AHGNQ6X-54C, AHGNQ6X-54D, AHGNQ6X-53B, AHGNQ6X-63A, AHGNQ6X-52D, AHGNQ6X-42D, AHGNQ6X-53A, AHGNQ6X-43A, AHGNQ6X-63B, AHGNQ6X-64A, AHGNQ6X-33A, 
M-G-2-08, Nebraska, 2016-01-08 20:48:50, WL_TT_045, YFC89-3815-2-8, AXGPX4X, 200um, ADGNTRX-12B, ADGNTRX-13A, ADGNTRX-13B, ADGNTRX-14A, ADGNTRX-14B, ADGNTRX-14D, ADGNTRX-04B, ADGNTRX-04D, ADGNTRX-04C, ADGNTRX-03D, ADGNTRX-03C, ADGNTRX-12A, ADGNTRX-12D, ADGNTRX-13D, ADGNTRX-14C, ADGNTRX-04A, 
M-J-3-04, Purdue, 2016-02-09 17:48:29, WL_TT_101, YFD04-4715-3-4, AGGPXKX, 200um, AGGNTNX-14B, AGGNTNX-14A, AGGNTNX-04B, AGGNTNX-15D, AGGNTNX-15C, AGGNTNX-15B, AGGNTNX-15A, AGGNTNX-05C, AGGNTNX-05D, AGGNTNX-05A, AGGNTNX-05B, AGGNTNX-26D, AGGNTNX-26A, AGGNTNX-25D, AGGNTNX-16D, AGGNTNX-27B, 
M-G-1-36, Purdue, 2016-01-21 15:56:54, WL_TT_104, YFC89-3815-1-36, AXGPX4X, 200um, A2GNQLX-42B, A2GNQLX-42D, A2GNQLX-43D, A2GNQLX-43C, A2GNQLX-55A, A2GNQLX-54B, A2GNQLX-54A, A2GNQLX-53B, A2GNQLX-44C, A2GNQLX-43A, A2GNQLX-43B, A2GNQLX-44A, A2GNQLX-33C, A2GNQLX-33D, A2GNQLX-12B, A2GNQLX-12D, 
M-B-7-22, Purdue, 2016-01-08 15:58:29, WL_TT_105, YHD19-1815-7-22, AXGPX4X, 200um, AIGNQ5X-07D, AIGNQ5X-07B, AIGNQ5X-68B, AIGNQ5X-68C, AIGNQ5X-67D, AIGNQ5X-76B, AIGNQ5X-76C, AIGNQ5X-74C, AIGNQ5X-68A, AIGNQ5X-11B, AIGNQ5X-11A, AIGNQ5X-51D, AIGNQ5X-62D, AIGNQ5X-74B, AIGNQ5X-74A, AIGNQ5X-74D, 
M-G-2-04, Nebraska, 2016-01-21 20:08:32, WL_TT_106, YFC89-3815-2-4, AGGPXKX, 200um, AYGNQQX-26B, AYGNQQX-27D, AYGNQQX-28C, AYGNQQX-39B, AYGNQQX-39A, AYGNQQX-37B, AYGNQQX-27A, AYGNQQX-17C, AYGNQQX-27B, AYGNQQX-28A, AYGNQQX-29A, AYGNQQX-28B, AYGNQQX-18D, AYGNQQX-18C, AYGNQQX-17D, AYGNQQX-18B, 
M-J-4-04, Purdue, 2016-02-03 19:26:29, WL_TT_108, YFD04-4715-4-4, AGGPXKX, 200um, AFGNQ8X- 39D, AFGNQ8X- 24C, AFGNQ8X- 21C, AFGNQ8X- 07A, AFGNQ8X- 04C, AFGNQ8X- 29A, AFGNQ8X- 25A, AFGNQ8X- 24B, AFGNQ8X- 62C, AFGNQ8X- 57B, AFGNQ8X- 41B, AFGNQ8X- 58D, AFGNQ8X- 17A, AFGNQ8X- 76D, AFGNQ8X- 74D, AFGNQ8X- 76C, 
M-G-2-16, Nebraska, 2016-01-26 19:21:48, WL_TT_109, YFC89-3815-2-16, AXGPX4X, 200um, AYGNQQX-58A, AYGNQQX-48D, AYGNQQX-48C, AYGNQQX-22C, AYGNQQX-22D, AYGNQQX-32B, AYGNQQX-45A, AYGNQQX-45B, AYGNQQX-35C, AYGNQQX-35D, AYGNQQX-16A, AYGNQQX-42B, AYGNQQX-41B, AYGNQQX-26D, AYGNQQX-06A, AYGNQQX-06C, 
M-H-2-28, Nebraska, 2015-12-16 18:32:04, WL_TT_110, YFC84-3915-2-28, AGGPXKX, 150um, AVGNQTX-25B, AVGNQTX-25A, AVGNQTX-24B, AVGNQTX-24A, AVGNQTX-23B, AVGNQTX-23A, AVGNQTX-42D, AVGNQTX-14D, AVGNQTX-03A, AVGNQTX-03B, AVGNQTX-14A, AVGNQTX-04C, AVGNQTX-13A, AVGNQTX-13D, AVGNQTX-15D, AVGNQTX-15C, 
M-J-3-34, Purdue, 2016-02-10 19:44:40, WL_TT_111, YFD04-4715-3-34, AGGPXKX, 200um, AGGNTNX-59C, AGGNTNX-59A, AGGNTNX-66D, AGGNTNX-66C, AGGNTNX-66B, AGGNTNX-66A, AGGNTNX-64B, AGGNTNX-64C, AGGNTNX-64D, AGGNTNX-65A, AGGNTNX-65B, AGGNTNX-65D, AGGNTNX-64A, AGGNTNX-58D, AGGNTNX-58C, AGGNTNX-58B, 
M-I-1-49, Purdue, 2016-02-11 09:47:51, WL_TT_117, YFD00-4715-1-49, AGGPXKX, 200um, AKGNULX-27C, AKGNULX-27D, AKGNULX-28A, AKGNULX-28B, AKGNULX-28D, AKGNULX-28C, AKGNULX-27A, AKGNULX-27B, AKGNULX-29D, AKGNULX-29C, AKGNULX-29B, AKGNULX-29A, AKGNULX-18D, AKGNULX-18C, AKGNULX-17A, AKGNULX-17B, 
M-I-2-21, Purdue, 2016-02-16 17:29:33, WL_TT_121, YFD00-4715-2-21, AGGPXKX, 200um, A2GNT2X-39B, A2GNT2X-28B, A2GNT2X-28C, A2GNT2X-28D, A2GNT2X-29A, A2GNT2X-29B, A2GNT2X-26A, A2GNT2X-28A, A2GNT2X-27D, A2GNT2X-27C, A2GNT2X-27A, A2GNT2X-26D, A2GNT2X-26B, A2GNT2X-25A, A2GNT2X-25B, A2GNT2X-25D, 
M-H-2-27, Purdue, 2015-12-14 14:38:12, WL_TT_126, YFC84-3915-2-27, AGGPXKX, 150um, AVGNQTX-76A, AVGNQTX-76B, AVGNQTX-63D, AVGNQTX-64D, AVGNQTX-65C, AVGNQTX-65B, AVGNQTX-65A, AVGNQTX-64B, AVGNQTX-59D, AVGNQTX-74D, AVGNQTX-75B, AVGNQTX-75A, AVGNQTX-74B, AVGNQTX-75D, AVGNQTX-75C, AVGNQTX-74C, 
M-J-4-15, Nebraska, 2016-02-16 12:26:43, WL_TT_128, YFD04-4715-4-15, AGGPXKX, 200um, ALGNU0X-54C, ALGNU0X-55A, ALGNU0X-55B, ALGNU0X-55C, ALGNU0X-55D, ALGNU0X-56A, ALGNU0X-54A, ALGNU0X-53D, ALGNU0X-53C, ALGNU0X-53B, ALGNU0X-53A, ALGNU0X-52D, ALGNU0X-41A, ALGNU0X-41D, ALGNU0X-41C, ALGNU0X-52A, 
M-B-2-03, Nebraska, 2016-01-21 18:38:04, WL_TT_139, YHD19-1815-2-3, , 200um, A2GNQLX-06D, A2GNQLX-06A, A2GNQLX-06B, A2GNQLX-07C, A2GNQLX-07D, A2GNQLX-07B, A2GNQLX-07A, A2GNQLX-15D, A2GNQLX-47A, A2GNQLX-17A, A2GNQLX-35D, A2GNQLX-05A, A2GNQLX-35A, A2GNQLX-31D, A2GNQLX-22A, A2GNQLX-14C, 
M-J-4-28, Nebraska, 2016-02-16 12:28:15, WL_TT_150, YFD04-4715-4-28, AGGPXKX, 200um, ALGNU0X-05A, ALGNU0X-05B, ALGNU0X-07D, ALGNU0X-07A, ALGNU0X-07C, ALGNU0X-06B, ALGNU0X-06D, ALGNU0X-06C, ALGNU0X-42C, ALGNU0X-13B, ALGNU0X-34C, ALGNU0X-54D, ALGNU0X-45B, ALGNU0X-45A, ALGNU0X-37A, ALGNU0X-28A, 
M-H-1-06, Purdue, 2015-12-09 14:06:46, WL_TT_151, YFC84-3915-1-6, AGGPXKX, 150um, A4GNQJX-40D, A4GNQJX-40B, A4GNQJX-33C, A4GNQJX-33D, A4GNQJX-68B, A4GNQJX-68A, A4GNQJX-30D, A4GNQJX-30C, A4GNQJX-51D, A4GNQJX-51C, A4GNQJX-51B, A4GNQJX-40C, A4GNQJX-68D, A4GNQJX-68C, A4GNQJX-41A, A4GNQJX-30A, 
M-H-1-03, Purdue, 2015-12-08 17:23:53, WL_TT_153, YFC84-3915-1-3, AGGPXKX, 150um, A4GNQJX-12A, A4GNQJX-12B, A4GNQJX-13A, A4GNQJX-13B, A4GNQJX-04A, A4GNQJX-03D, A4GNQJX-03C, A4GNQJX-03B, A4GNQJX-12C, A4GNQJX-12D, A4GNQJX-13C, A4GNQJX-13D, A4GNQJX-14C, A4GNQJX-14B, A4GNQJX-05A, A4GNQJX-05B, 
M-H-2-32, Nebraska, 2015-12-15 18:56:18, WL_TT_154, YFC84-3915-2-32, AGGPXKX, 150um, A4GNQJX-47B, A4GNQJX-37D, A4GNQJX-37B, A4GNQJX-17D, A4GNQJX-18B, A4GNQJX-18A, A4GNQJX-17B, A4GNQJX-47A, A4GNQJX-36B, A4GNQJX-26D, A4GNQJX-26B, A4GNQJX-17A, A4GNQJX-17C, A4GNQJX-27A, A4GNQJX-37A, A4GNQJX-37C, 
